file	pack	license	source
book-close-01.ogg	kenney-rpg	CC0 1.0	sfx/kenney_rpg-audio/Audio/bookClose.ogg
book-flip-01.ogg	kenney-rpg	CC0 1.0	sfx/kenney_rpg-audio/Audio/bookFlip1.ogg
book-flip-02.ogg	kenney-rpg	CC0 1.0	sfx/kenney_rpg-audio/Audio/bookFlip2.ogg
book-flip-03.ogg	kenney-rpg	CC0 1.0	sfx/kenney_rpg-audio/Audio/bookFlip3.ogg
book-open-01.ogg	kenney-rpg	CC0 1.0	sfx/kenney_rpg-audio/Audio/bookOpen.ogg
book-place-01.ogg	kenney-rpg	CC0 1.0	sfx/kenney_rpg-audio/Audio/bookPlace1.ogg
book-place-02.ogg	kenney-rpg	CC0 1.0	sfx/kenney_rpg-audio/Audio/bookPlace2.ogg
book-place-03.ogg	kenney-rpg	CC0 1.0	sfx/kenney_rpg-audio/Audio/bookPlace3.ogg
card-fan-01.ogg	kenney-casino	CC0 1.0	sfx/kenney_casino-audio/Audio/card-fan-1.ogg
card-fan-02.ogg	kenney-casino	CC0 1.0	sfx/kenney_casino-audio/Audio/card-fan-2.ogg
card-pack-open-01.ogg	kenney-casino	CC0 1.0	sfx/kenney_casino-audio/Audio/cards-pack-open-1.ogg
card-pack-open-02.ogg	kenney-casino	CC0 1.0	sfx/kenney_casino-audio/Audio/cards-pack-open-2.ogg
card-pack-takeout-01.ogg	kenney-casino	CC0 1.0	sfx/kenney_casino-audio/Audio/cards-pack-take-out-1.ogg
card-pack-takeout-02.ogg	kenney-casino	CC0 1.0	sfx/kenney_casino-audio/Audio/cards-pack-take-out-2.ogg
card-place-01.ogg	kenney-casino	CC0 1.0	sfx/kenney_casino-audio/Audio/card-place-1.ogg
card-place-02.ogg	kenney-casino	CC0 1.0	sfx/kenney_casino-audio/Audio/card-place-2.ogg
card-place-03.ogg	kenney-casino	CC0 1.0	sfx/kenney_casino-audio/Audio/card-place-3.ogg
card-place-04.ogg	kenney-casino	CC0 1.0	sfx/kenney_casino-audio/Audio/card-place-4.ogg
card-shove-01.ogg	kenney-casino	CC0 1.0	sfx/kenney_casino-audio/Audio/card-shove-1.ogg
card-shove-02.ogg	kenney-casino	CC0 1.0	sfx/kenney_casino-audio/Audio/card-shove-2.ogg
card-shove-03.ogg	kenney-casino	CC0 1.0	sfx/kenney_casino-audio/Audio/card-shove-3.ogg
card-shove-04.ogg	kenney-casino	CC0 1.0	sfx/kenney_casino-audio/Audio/card-shove-4.ogg
card-shuffle-01.ogg	kenney-casino	CC0 1.0	sfx/kenney_casino-audio/Audio/card-shuffle.ogg
card-slide-01.ogg	kenney-casino	CC0 1.0	sfx/kenney_casino-audio/Audio/card-slide-1.ogg
card-slide-02.ogg	kenney-casino	CC0 1.0	sfx/kenney_casino-audio/Audio/card-slide-2.ogg
card-slide-03.ogg	kenney-casino	CC0 1.0	sfx/kenney_casino-audio/Audio/card-slide-3.ogg
card-slide-04.ogg	kenney-casino	CC0 1.0	sfx/kenney_casino-audio/Audio/card-slide-4.ogg
card-slide-05.ogg	kenney-casino	CC0 1.0	sfx/kenney_casino-audio/Audio/card-slide-5.ogg
card-slide-06.ogg	kenney-casino	CC0 1.0	sfx/kenney_casino-audio/Audio/card-slide-6.ogg
card-slide-07.ogg	kenney-casino	CC0 1.0	sfx/kenney_casino-audio/Audio/card-slide-7.ogg
card-slide-08.ogg	kenney-casino	CC0 1.0	sfx/kenney_casino-audio/Audio/card-slide-8.ogg
chip-collide-01.ogg	kenney-casino	CC0 1.0	sfx/kenney_casino-audio/Audio/chips-collide-1.ogg
chip-collide-02.ogg	kenney-casino	CC0 1.0	sfx/kenney_casino-audio/Audio/chips-collide-2.ogg
chip-collide-03.ogg	kenney-casino	CC0 1.0	sfx/kenney_casino-audio/Audio/chips-collide-3.ogg
chip-collide-04.ogg	kenney-casino	CC0 1.0	sfx/kenney_casino-audio/Audio/chips-collide-4.ogg
chip-handle-01.ogg	kenney-casino	CC0 1.0	sfx/kenney_casino-audio/Audio/chips-handle-1.ogg
chip-handle-02.ogg	kenney-casino	CC0 1.0	sfx/kenney_casino-audio/Audio/chips-handle-2.ogg
chip-handle-03.ogg	kenney-casino	CC0 1.0	sfx/kenney_casino-audio/Audio/chips-handle-3.ogg
chip-handle-04.ogg	kenney-casino	CC0 1.0	sfx/kenney_casino-audio/Audio/chips-handle-4.ogg
chip-handle-05.ogg	kenney-casino	CC0 1.0	sfx/kenney_casino-audio/Audio/chips-handle-5.ogg
chip-handle-06.ogg	kenney-casino	CC0 1.0	sfx/kenney_casino-audio/Audio/chips-handle-6.ogg
chip-lay-01.ogg	kenney-casino	CC0 1.0	sfx/kenney_casino-audio/Audio/chip-lay-1.ogg
chip-lay-02.ogg	kenney-casino	CC0 1.0	sfx/kenney_casino-audio/Audio/chip-lay-2.ogg
chip-lay-03.ogg	kenney-casino	CC0 1.0	sfx/kenney_casino-audio/Audio/chip-lay-3.ogg
chip-stack-01.ogg	kenney-casino	CC0 1.0	sfx/kenney_casino-audio/Audio/chips-stack-1.ogg
chip-stack-02.ogg	kenney-casino	CC0 1.0	sfx/kenney_casino-audio/Audio/chips-stack-2.ogg
chip-stack-03.ogg	kenney-casino	CC0 1.0	sfx/kenney_casino-audio/Audio/chips-stack-3.ogg
chip-stack-04.ogg	kenney-casino	CC0 1.0	sfx/kenney_casino-audio/Audio/chips-stack-4.ogg
chip-stack-05.ogg	kenney-casino	CC0 1.0	sfx/kenney_casino-audio/Audio/chips-stack-5.ogg
chip-stack-06.ogg	kenney-casino	CC0 1.0	sfx/kenney_casino-audio/Audio/chips-stack-6.ogg
chop-01.ogg	kenney-rpg	CC0 1.0	sfx/kenney_rpg-audio/Audio/chop.ogg
click-01.ogg	kenney-ui	CC0 1.0	sfx/kenney_ui-audio/Audio/click1.ogg
click-02.ogg	kenney-ui	CC0 1.0	sfx/kenney_ui-audio/Audio/click2.ogg
click-03.ogg	kenney-ui	CC0 1.0	sfx/kenney_ui-audio/Audio/click3.ogg
click-04.ogg	kenney-ui	CC0 1.0	sfx/kenney_ui-audio/Audio/click4.ogg
click-05.ogg	kenney-ui	CC0 1.0	sfx/kenney_ui-audio/Audio/click5.ogg
click-mouse-down-01.ogg	kenney-ui	CC0 1.0	sfx/kenney_ui-audio/Audio/mouseclick1.ogg
click-mouse-up-01.ogg	kenney-ui	CC0 1.0	sfx/kenney_ui-audio/Audio/mouserelease1.ogg
click-switch-01.ogg	kenney-ui	CC0 1.0	sfx/kenney_ui-audio/Audio/switch1.ogg
click-switch-02.ogg	kenney-ui	CC0 1.0	sfx/kenney_ui-audio/Audio/switch2.ogg
click-switch-03.ogg	kenney-ui	CC0 1.0	sfx/kenney_ui-audio/Audio/switch3.ogg
click-switch-04.ogg	kenney-ui	CC0 1.0	sfx/kenney_ui-audio/Audio/switch4.ogg
click-switch-05.ogg	kenney-ui	CC0 1.0	sfx/kenney_ui-audio/Audio/switch5.ogg
click-switch-06.ogg	kenney-ui	CC0 1.0	sfx/kenney_ui-audio/Audio/switch6.ogg
click-switch-07.ogg	kenney-ui	CC0 1.0	sfx/kenney_ui-audio/Audio/switch7.ogg
click-switch-08.ogg	kenney-ui	CC0 1.0	sfx/kenney_ui-audio/Audio/switch8.ogg
click-switch-09.ogg	kenney-ui	CC0 1.0	sfx/kenney_ui-audio/Audio/switch9.ogg
click-switch-10.ogg	kenney-ui	CC0 1.0	sfx/kenney_ui-audio/Audio/switch10.ogg
click-switch-11.ogg	kenney-ui	CC0 1.0	sfx/kenney_ui-audio/Audio/switch11.ogg
click-switch-12.ogg	kenney-ui	CC0 1.0	sfx/kenney_ui-audio/Audio/switch12.ogg
click-switch-13.ogg	kenney-ui	CC0 1.0	sfx/kenney_ui-audio/Audio/switch13.ogg
click-switch-14.ogg	kenney-ui	CC0 1.0	sfx/kenney_ui-audio/Audio/switch14.ogg
click-switch-15.ogg	kenney-ui	CC0 1.0	sfx/kenney_ui-audio/Audio/switch15.ogg
click-switch-16.ogg	kenney-ui	CC0 1.0	sfx/kenney_ui-audio/Audio/switch16.ogg
click-switch-17.ogg	kenney-ui	CC0 1.0	sfx/kenney_ui-audio/Audio/switch17.ogg
click-switch-18.ogg	kenney-ui	CC0 1.0	sfx/kenney_ui-audio/Audio/switch18.ogg
click-switch-19.ogg	kenney-ui	CC0 1.0	sfx/kenney_ui-audio/Audio/switch19.ogg
click-switch-20.ogg	kenney-ui	CC0 1.0	sfx/kenney_ui-audio/Audio/switch20.ogg
click-switch-21.ogg	kenney-ui	CC0 1.0	sfx/kenney_ui-audio/Audio/switch21.ogg
click-switch-22.ogg	kenney-ui	CC0 1.0	sfx/kenney_ui-audio/Audio/switch22.ogg
click-switch-23.ogg	kenney-ui	CC0 1.0	sfx/kenney_ui-audio/Audio/switch23.ogg
click-switch-24.ogg	kenney-ui	CC0 1.0	sfx/kenney_ui-audio/Audio/switch24.ogg
click-switch-25.ogg	kenney-ui	CC0 1.0	sfx/kenney_ui-audio/Audio/switch25.ogg
click-switch-26.ogg	kenney-ui	CC0 1.0	sfx/kenney_ui-audio/Audio/switch26.ogg
click-switch-27.ogg	kenney-ui	CC0 1.0	sfx/kenney_ui-audio/Audio/switch27.ogg
click-switch-28.ogg	kenney-ui	CC0 1.0	sfx/kenney_ui-audio/Audio/switch28.ogg
click-switch-29.ogg	kenney-ui	CC0 1.0	sfx/kenney_ui-audio/Audio/switch29.ogg
click-switch-30.ogg	kenney-ui	CC0 1.0	sfx/kenney_ui-audio/Audio/switch30.ogg
click-switch-31.ogg	kenney-ui	CC0 1.0	sfx/kenney_ui-audio/Audio/switch31.ogg
click-switch-32.ogg	kenney-ui	CC0 1.0	sfx/kenney_ui-audio/Audio/switch32.ogg
click-switch-33.ogg	kenney-ui	CC0 1.0	sfx/kenney_ui-audio/Audio/switch33.ogg
click-switch-34.ogg	kenney-ui	CC0 1.0	sfx/kenney_ui-audio/Audio/switch34.ogg
click-switch-35.ogg	kenney-ui	CC0 1.0	sfx/kenney_ui-audio/Audio/switch35.ogg
click-switch-36.ogg	kenney-ui	CC0 1.0	sfx/kenney_ui-audio/Audio/switch36.ogg
click-switch-37.ogg	kenney-ui	CC0 1.0	sfx/kenney_ui-audio/Audio/switch37.ogg
click-switch-38.ogg	kenney-ui	CC0 1.0	sfx/kenney_ui-audio/Audio/switch38.ogg
cloth-01.ogg	kenney-rpg	CC0 1.0	sfx/kenney_rpg-audio/Audio/cloth1.ogg
cloth-02.ogg	kenney-rpg	CC0 1.0	sfx/kenney_rpg-audio/Audio/cloth2.ogg
cloth-03.ogg	kenney-rpg	CC0 1.0	sfx/kenney_rpg-audio/Audio/cloth3.ogg
cloth-04.ogg	kenney-rpg	CC0 1.0	sfx/kenney_rpg-audio/Audio/cloth4.ogg
cloth-belt-01.ogg	kenney-rpg	CC0 1.0	sfx/kenney_rpg-audio/Audio/clothBelt.ogg
cloth-belt-02.ogg	kenney-rpg	CC0 1.0	sfx/kenney_rpg-audio/Audio/clothBelt2.ogg
coins-handle-01.ogg	kenney-rpg	CC0 1.0	sfx/kenney_rpg-audio/Audio/handleCoins.ogg
coins-handle-02.ogg	kenney-rpg	CC0 1.0	sfx/kenney_rpg-audio/Audio/handleCoins2.ogg
creak-01.ogg	kenney-rpg	CC0 1.0	sfx/kenney_rpg-audio/Audio/creak1.ogg
creak-02.ogg	kenney-rpg	CC0 1.0	sfx/kenney_rpg-audio/Audio/creak2.ogg
creak-03.ogg	kenney-rpg	CC0 1.0	sfx/kenney_rpg-audio/Audio/creak3.ogg
dice-grab-01.ogg	kenney-casino	CC0 1.0	sfx/kenney_casino-audio/Audio/dice-grab-1.ogg
dice-grab-02.ogg	kenney-casino	CC0 1.0	sfx/kenney_casino-audio/Audio/dice-grab-2.ogg
dice-shake-01.ogg	kenney-casino	CC0 1.0	sfx/kenney_casino-audio/Audio/dice-shake-1.ogg
dice-shake-02.ogg	kenney-casino	CC0 1.0	sfx/kenney_casino-audio/Audio/dice-shake-2.ogg
dice-shake-03.ogg	kenney-casino	CC0 1.0	sfx/kenney_casino-audio/Audio/dice-shake-3.ogg
dice-throw-01.ogg	kenney-casino	CC0 1.0	sfx/kenney_casino-audio/Audio/dice-throw-1.ogg
dice-throw-02.ogg	kenney-casino	CC0 1.0	sfx/kenney_casino-audio/Audio/dice-throw-2.ogg
dice-throw-03.ogg	kenney-casino	CC0 1.0	sfx/kenney_casino-audio/Audio/dice-throw-3.ogg
dice-throw-single-01.ogg	kenney-casino	CC0 1.0	sfx/kenney_casino-audio/Audio/die-throw-1.ogg
dice-throw-single-02.ogg	kenney-casino	CC0 1.0	sfx/kenney_casino-audio/Audio/die-throw-2.ogg
dice-throw-single-03.ogg	kenney-casino	CC0 1.0	sfx/kenney_casino-audio/Audio/die-throw-3.ogg
dice-throw-single-04.ogg	kenney-casino	CC0 1.0	sfx/kenney_casino-audio/Audio/die-throw-4.ogg
door-close-01.ogg	kenney-rpg	CC0 1.0	sfx/kenney_rpg-audio/Audio/doorClose_1.ogg
door-close-02.ogg	kenney-rpg	CC0 1.0	sfx/kenney_rpg-audio/Audio/doorClose_2.ogg
door-close-03.ogg	kenney-rpg	CC0 1.0	sfx/kenney_rpg-audio/Audio/doorClose_3.ogg
door-close-04.ogg	kenney-rpg	CC0 1.0	sfx/kenney_rpg-audio/Audio/doorClose_4.ogg
door-open-01.ogg	kenney-rpg	CC0 1.0	sfx/kenney_rpg-audio/Audio/doorOpen_1.ogg
door-open-02.ogg	kenney-rpg	CC0 1.0	sfx/kenney_rpg-audio/Audio/doorOpen_2.ogg
door-scifi-close-01.ogg	kenney-scifi	CC0 1.0	sfx/kenney_sci-fi-sounds/Audio/doorClose_000.ogg
door-scifi-close-02.ogg	kenney-scifi	CC0 1.0	sfx/kenney_sci-fi-sounds/Audio/doorClose_001.ogg
door-scifi-close-03.ogg	kenney-scifi	CC0 1.0	sfx/kenney_sci-fi-sounds/Audio/doorClose_002.ogg
door-scifi-open-01.ogg	kenney-scifi	CC0 1.0	sfx/kenney_sci-fi-sounds/Audio/doorOpen_000.ogg
door-scifi-open-02.ogg	kenney-scifi	CC0 1.0	sfx/kenney_sci-fi-sounds/Audio/doorOpen_001.ogg
door-scifi-open-03.ogg	kenney-scifi	CC0 1.0	sfx/kenney_sci-fi-sounds/Audio/doorOpen_002.ogg
error-ui-01.ogg	kenney-interface	CC0 1.0	sfx/kenney_interface-sounds/Audio/error_001.ogg
error-ui-02.ogg	kenney-interface	CC0 1.0	sfx/kenney_interface-sounds/Audio/error_002.ogg
error-ui-03.ogg	kenney-interface	CC0 1.0	sfx/kenney_interface-sounds/Audio/error_003.ogg
error-ui-04.ogg	kenney-interface	CC0 1.0	sfx/kenney_interface-sounds/Audio/error_004.ogg
error-ui-05.ogg	kenney-interface	CC0 1.0	sfx/kenney_interface-sounds/Audio/error_005.ogg
error-ui-06.ogg	kenney-interface	CC0 1.0	sfx/kenney_interface-sounds/Audio/error_006.ogg
error-ui-07.ogg	kenney-interface	CC0 1.0	sfx/kenney_interface-sounds/Audio/error_007.ogg
error-ui-08.ogg	kenney-interface	CC0 1.0	sfx/kenney_interface-sounds/Audio/error_008.ogg
explosion-crunch-01.ogg	kenney-scifi	CC0 1.0	sfx/kenney_sci-fi-sounds/Audio/explosionCrunch_000.ogg
explosion-crunch-02.ogg	kenney-scifi	CC0 1.0	sfx/kenney_sci-fi-sounds/Audio/explosionCrunch_001.ogg
explosion-crunch-03.ogg	kenney-scifi	CC0 1.0	sfx/kenney_sci-fi-sounds/Audio/explosionCrunch_002.ogg
explosion-crunch-04.ogg	kenney-scifi	CC0 1.0	sfx/kenney_sci-fi-sounds/Audio/explosionCrunch_003.ogg
explosion-crunch-05.ogg	kenney-scifi	CC0 1.0	sfx/kenney_sci-fi-sounds/Audio/explosionCrunch_004.ogg
explosion-digital-01.ogg	kenney-digital	CC0 1.0	sfx/kenney_digital-audio/Audio/spaceTrash1.ogg
explosion-digital-02.ogg	kenney-digital	CC0 1.0	sfx/kenney_digital-audio/Audio/spaceTrash2.ogg
explosion-digital-03.ogg	kenney-digital	CC0 1.0	sfx/kenney_digital-audio/Audio/spaceTrash3.ogg
explosion-digital-04.ogg	kenney-digital	CC0 1.0	sfx/kenney_digital-audio/Audio/spaceTrash4.ogg
explosion-digital-05.ogg	kenney-digital	CC0 1.0	sfx/kenney_digital-audio/Audio/spaceTrash5.ogg
explosion-low-01.ogg	kenney-scifi	CC0 1.0	sfx/kenney_sci-fi-sounds/Audio/lowFrequency_explosion_000.ogg
explosion-low-02.ogg	kenney-scifi	CC0 1.0	sfx/kenney_sci-fi-sounds/Audio/lowFrequency_explosion_001.ogg
forcefield-01.ogg	kenney-scifi	CC0 1.0	sfx/kenney_sci-fi-sounds/Audio/forceField_000.ogg
forcefield-02.ogg	kenney-scifi	CC0 1.0	sfx/kenney_sci-fi-sounds/Audio/forceField_001.ogg
forcefield-03.ogg	kenney-scifi	CC0 1.0	sfx/kenney_sci-fi-sounds/Audio/forceField_002.ogg
forcefield-04.ogg	kenney-scifi	CC0 1.0	sfx/kenney_sci-fi-sounds/Audio/forceField_003.ogg
forcefield-05.ogg	kenney-scifi	CC0 1.0	sfx/kenney_sci-fi-sounds/Audio/forceField_004.ogg
impact-bell-heavy-01.ogg	kenney-impact	CC0 1.0	sfx/kenney_impact-sounds/Audio/impactBell_heavy_000.ogg
impact-bell-heavy-02.ogg	kenney-impact	CC0 1.0	sfx/kenney_impact-sounds/Audio/impactBell_heavy_001.ogg
impact-bell-heavy-03.ogg	kenney-impact	CC0 1.0	sfx/kenney_impact-sounds/Audio/impactBell_heavy_002.ogg
impact-bell-heavy-04.ogg	kenney-impact	CC0 1.0	sfx/kenney_impact-sounds/Audio/impactBell_heavy_003.ogg
impact-bell-heavy-05.ogg	kenney-impact	CC0 1.0	sfx/kenney_impact-sounds/Audio/impactBell_heavy_004.ogg
impact-generic-light-01.ogg	kenney-impact	CC0 1.0	sfx/kenney_impact-sounds/Audio/impactGeneric_light_000.ogg
impact-generic-light-02.ogg	kenney-impact	CC0 1.0	sfx/kenney_impact-sounds/Audio/impactGeneric_light_001.ogg
impact-generic-light-03.ogg	kenney-impact	CC0 1.0	sfx/kenney_impact-sounds/Audio/impactGeneric_light_002.ogg
impact-generic-light-04.ogg	kenney-impact	CC0 1.0	sfx/kenney_impact-sounds/Audio/impactGeneric_light_003.ogg
impact-generic-light-05.ogg	kenney-impact	CC0 1.0	sfx/kenney_impact-sounds/Audio/impactGeneric_light_004.ogg
impact-glass-heavy-01.ogg	kenney-impact	CC0 1.0	sfx/kenney_impact-sounds/Audio/impactGlass_heavy_000.ogg
impact-glass-heavy-02.ogg	kenney-impact	CC0 1.0	sfx/kenney_impact-sounds/Audio/impactGlass_heavy_001.ogg
impact-glass-heavy-03.ogg	kenney-impact	CC0 1.0	sfx/kenney_impact-sounds/Audio/impactGlass_heavy_002.ogg
impact-glass-heavy-04.ogg	kenney-impact	CC0 1.0	sfx/kenney_impact-sounds/Audio/impactGlass_heavy_003.ogg
impact-glass-heavy-05.ogg	kenney-impact	CC0 1.0	sfx/kenney_impact-sounds/Audio/impactGlass_heavy_004.ogg
impact-glass-light-01.ogg	kenney-impact	CC0 1.0	sfx/kenney_impact-sounds/Audio/impactGlass_light_000.ogg
impact-glass-light-02.ogg	kenney-impact	CC0 1.0	sfx/kenney_impact-sounds/Audio/impactGlass_light_001.ogg
impact-glass-light-03.ogg	kenney-impact	CC0 1.0	sfx/kenney_impact-sounds/Audio/impactGlass_light_002.ogg
impact-glass-light-04.ogg	kenney-impact	CC0 1.0	sfx/kenney_impact-sounds/Audio/impactGlass_light_003.ogg
impact-glass-light-05.ogg	kenney-impact	CC0 1.0	sfx/kenney_impact-sounds/Audio/impactGlass_light_004.ogg
impact-glass-medium-01.ogg	kenney-impact	CC0 1.0	sfx/kenney_impact-sounds/Audio/impactGlass_medium_000.ogg
impact-glass-medium-02.ogg	kenney-impact	CC0 1.0	sfx/kenney_impact-sounds/Audio/impactGlass_medium_001.ogg
impact-glass-medium-03.ogg	kenney-impact	CC0 1.0	sfx/kenney_impact-sounds/Audio/impactGlass_medium_002.ogg
impact-glass-medium-04.ogg	kenney-impact	CC0 1.0	sfx/kenney_impact-sounds/Audio/impactGlass_medium_003.ogg
impact-glass-medium-05.ogg	kenney-impact	CC0 1.0	sfx/kenney_impact-sounds/Audio/impactGlass_medium_004.ogg
impact-metal-heavy-01.ogg	kenney-impact	CC0 1.0	sfx/kenney_impact-sounds/Audio/impactMetal_heavy_000.ogg
impact-metal-heavy-02.ogg	kenney-impact	CC0 1.0	sfx/kenney_impact-sounds/Audio/impactMetal_heavy_001.ogg
impact-metal-heavy-03.ogg	kenney-impact	CC0 1.0	sfx/kenney_impact-sounds/Audio/impactMetal_heavy_002.ogg
impact-metal-heavy-04.ogg	kenney-impact	CC0 1.0	sfx/kenney_impact-sounds/Audio/impactMetal_heavy_003.ogg
impact-metal-heavy-05.ogg	kenney-impact	CC0 1.0	sfx/kenney_impact-sounds/Audio/impactMetal_heavy_004.ogg
impact-metal-light-01.ogg	kenney-impact	CC0 1.0	sfx/kenney_impact-sounds/Audio/impactMetal_light_000.ogg
impact-metal-light-02.ogg	kenney-impact	CC0 1.0	sfx/kenney_impact-sounds/Audio/impactMetal_light_001.ogg
impact-metal-light-03.ogg	kenney-impact	CC0 1.0	sfx/kenney_impact-sounds/Audio/impactMetal_light_002.ogg
impact-metal-light-04.ogg	kenney-impact	CC0 1.0	sfx/kenney_impact-sounds/Audio/impactMetal_light_003.ogg
impact-metal-light-05.ogg	kenney-impact	CC0 1.0	sfx/kenney_impact-sounds/Audio/impactMetal_light_004.ogg
impact-metal-medium-01.ogg	kenney-impact	CC0 1.0	sfx/kenney_impact-sounds/Audio/impactMetal_medium_000.ogg
impact-metal-medium-02.ogg	kenney-impact	CC0 1.0	sfx/kenney_impact-sounds/Audio/impactMetal_medium_001.ogg
impact-metal-medium-03.ogg	kenney-impact	CC0 1.0	sfx/kenney_impact-sounds/Audio/impactMetal_medium_002.ogg
impact-metal-medium-04.ogg	kenney-impact	CC0 1.0	sfx/kenney_impact-sounds/Audio/impactMetal_medium_003.ogg
impact-metal-medium-05.ogg	kenney-impact	CC0 1.0	sfx/kenney_impact-sounds/Audio/impactMetal_medium_004.ogg
impact-metal-scifi-01.ogg	kenney-scifi	CC0 1.0	sfx/kenney_sci-fi-sounds/Audio/impactMetal_000.ogg
impact-metal-scifi-02.ogg	kenney-scifi	CC0 1.0	sfx/kenney_sci-fi-sounds/Audio/impactMetal_001.ogg
impact-metal-scifi-03.ogg	kenney-scifi	CC0 1.0	sfx/kenney_sci-fi-sounds/Audio/impactMetal_002.ogg
impact-metal-scifi-04.ogg	kenney-scifi	CC0 1.0	sfx/kenney_sci-fi-sounds/Audio/impactMetal_003.ogg
impact-metal-scifi-05.ogg	kenney-scifi	CC0 1.0	sfx/kenney_sci-fi-sounds/Audio/impactMetal_004.ogg
impact-mining-01.ogg	kenney-impact	CC0 1.0	sfx/kenney_impact-sounds/Audio/impactMining_000.ogg
impact-mining-02.ogg	kenney-impact	CC0 1.0	sfx/kenney_impact-sounds/Audio/impactMining_001.ogg
impact-mining-03.ogg	kenney-impact	CC0 1.0	sfx/kenney_impact-sounds/Audio/impactMining_002.ogg
impact-mining-04.ogg	kenney-impact	CC0 1.0	sfx/kenney_impact-sounds/Audio/impactMining_003.ogg
impact-mining-05.ogg	kenney-impact	CC0 1.0	sfx/kenney_impact-sounds/Audio/impactMining_004.ogg
impact-plank-medium-01.ogg	kenney-impact	CC0 1.0	sfx/kenney_impact-sounds/Audio/impactPlank_medium_000.ogg
impact-plank-medium-02.ogg	kenney-impact	CC0 1.0	sfx/kenney_impact-sounds/Audio/impactPlank_medium_001.ogg
impact-plank-medium-03.ogg	kenney-impact	CC0 1.0	sfx/kenney_impact-sounds/Audio/impactPlank_medium_002.ogg
impact-plank-medium-04.ogg	kenney-impact	CC0 1.0	sfx/kenney_impact-sounds/Audio/impactPlank_medium_003.ogg
impact-plank-medium-05.ogg	kenney-impact	CC0 1.0	sfx/kenney_impact-sounds/Audio/impactPlank_medium_004.ogg
impact-plate-heavy-01.ogg	kenney-impact	CC0 1.0	sfx/kenney_impact-sounds/Audio/impactPlate_heavy_000.ogg
impact-plate-heavy-02.ogg	kenney-impact	CC0 1.0	sfx/kenney_impact-sounds/Audio/impactPlate_heavy_001.ogg
impact-plate-heavy-03.ogg	kenney-impact	CC0 1.0	sfx/kenney_impact-sounds/Audio/impactPlate_heavy_002.ogg
impact-plate-heavy-04.ogg	kenney-impact	CC0 1.0	sfx/kenney_impact-sounds/Audio/impactPlate_heavy_003.ogg
impact-plate-heavy-05.ogg	kenney-impact	CC0 1.0	sfx/kenney_impact-sounds/Audio/impactPlate_heavy_004.ogg
impact-plate-light-01.ogg	kenney-impact	CC0 1.0	sfx/kenney_impact-sounds/Audio/impactPlate_light_000.ogg
impact-plate-light-02.ogg	kenney-impact	CC0 1.0	sfx/kenney_impact-sounds/Audio/impactPlate_light_001.ogg
impact-plate-light-03.ogg	kenney-impact	CC0 1.0	sfx/kenney_impact-sounds/Audio/impactPlate_light_002.ogg
impact-plate-light-04.ogg	kenney-impact	CC0 1.0	sfx/kenney_impact-sounds/Audio/impactPlate_light_003.ogg
impact-plate-light-05.ogg	kenney-impact	CC0 1.0	sfx/kenney_impact-sounds/Audio/impactPlate_light_004.ogg
impact-plate-medium-01.ogg	kenney-impact	CC0 1.0	sfx/kenney_impact-sounds/Audio/impactPlate_medium_000.ogg
impact-plate-medium-02.ogg	kenney-impact	CC0 1.0	sfx/kenney_impact-sounds/Audio/impactPlate_medium_001.ogg
impact-plate-medium-03.ogg	kenney-impact	CC0 1.0	sfx/kenney_impact-sounds/Audio/impactPlate_medium_002.ogg
impact-plate-medium-04.ogg	kenney-impact	CC0 1.0	sfx/kenney_impact-sounds/Audio/impactPlate_medium_003.ogg
impact-plate-medium-05.ogg	kenney-impact	CC0 1.0	sfx/kenney_impact-sounds/Audio/impactPlate_medium_004.ogg
impact-punch-heavy-01.ogg	kenney-impact	CC0 1.0	sfx/kenney_impact-sounds/Audio/impactPunch_heavy_000.ogg
impact-punch-heavy-02.ogg	kenney-impact	CC0 1.0	sfx/kenney_impact-sounds/Audio/impactPunch_heavy_001.ogg
impact-punch-heavy-03.ogg	kenney-impact	CC0 1.0	sfx/kenney_impact-sounds/Audio/impactPunch_heavy_002.ogg
impact-punch-heavy-04.ogg	kenney-impact	CC0 1.0	sfx/kenney_impact-sounds/Audio/impactPunch_heavy_003.ogg
impact-punch-heavy-05.ogg	kenney-impact	CC0 1.0	sfx/kenney_impact-sounds/Audio/impactPunch_heavy_004.ogg
impact-punch-medium-01.ogg	kenney-impact	CC0 1.0	sfx/kenney_impact-sounds/Audio/impactPunch_medium_000.ogg
impact-punch-medium-02.ogg	kenney-impact	CC0 1.0	sfx/kenney_impact-sounds/Audio/impactPunch_medium_001.ogg
impact-punch-medium-03.ogg	kenney-impact	CC0 1.0	sfx/kenney_impact-sounds/Audio/impactPunch_medium_002.ogg
impact-punch-medium-04.ogg	kenney-impact	CC0 1.0	sfx/kenney_impact-sounds/Audio/impactPunch_medium_003.ogg
impact-punch-medium-05.ogg	kenney-impact	CC0 1.0	sfx/kenney_impact-sounds/Audio/impactPunch_medium_004.ogg
impact-soft-heavy-01.ogg	kenney-impact	CC0 1.0	sfx/kenney_impact-sounds/Audio/impactSoft_heavy_000.ogg
impact-soft-heavy-02.ogg	kenney-impact	CC0 1.0	sfx/kenney_impact-sounds/Audio/impactSoft_heavy_001.ogg
impact-soft-heavy-03.ogg	kenney-impact	CC0 1.0	sfx/kenney_impact-sounds/Audio/impactSoft_heavy_002.ogg
impact-soft-heavy-04.ogg	kenney-impact	CC0 1.0	sfx/kenney_impact-sounds/Audio/impactSoft_heavy_003.ogg
impact-soft-heavy-05.ogg	kenney-impact	CC0 1.0	sfx/kenney_impact-sounds/Audio/impactSoft_heavy_004.ogg
impact-soft-medium-01.ogg	kenney-impact	CC0 1.0	sfx/kenney_impact-sounds/Audio/impactSoft_medium_000.ogg
impact-soft-medium-02.ogg	kenney-impact	CC0 1.0	sfx/kenney_impact-sounds/Audio/impactSoft_medium_001.ogg
impact-soft-medium-03.ogg	kenney-impact	CC0 1.0	sfx/kenney_impact-sounds/Audio/impactSoft_medium_002.ogg
impact-soft-medium-04.ogg	kenney-impact	CC0 1.0	sfx/kenney_impact-sounds/Audio/impactSoft_medium_003.ogg
impact-soft-medium-05.ogg	kenney-impact	CC0 1.0	sfx/kenney_impact-sounds/Audio/impactSoft_medium_004.ogg
impact-tin-medium-01.ogg	kenney-impact	CC0 1.0	sfx/kenney_impact-sounds/Audio/impactTin_medium_000.ogg
impact-tin-medium-02.ogg	kenney-impact	CC0 1.0	sfx/kenney_impact-sounds/Audio/impactTin_medium_001.ogg
impact-tin-medium-03.ogg	kenney-impact	CC0 1.0	sfx/kenney_impact-sounds/Audio/impactTin_medium_002.ogg
impact-tin-medium-04.ogg	kenney-impact	CC0 1.0	sfx/kenney_impact-sounds/Audio/impactTin_medium_003.ogg
impact-tin-medium-05.ogg	kenney-impact	CC0 1.0	sfx/kenney_impact-sounds/Audio/impactTin_medium_004.ogg
impact-wood-heavy-01.ogg	kenney-impact	CC0 1.0	sfx/kenney_impact-sounds/Audio/impactWood_heavy_000.ogg
impact-wood-heavy-02.ogg	kenney-impact	CC0 1.0	sfx/kenney_impact-sounds/Audio/impactWood_heavy_001.ogg
impact-wood-heavy-03.ogg	kenney-impact	CC0 1.0	sfx/kenney_impact-sounds/Audio/impactWood_heavy_002.ogg
impact-wood-heavy-04.ogg	kenney-impact	CC0 1.0	sfx/kenney_impact-sounds/Audio/impactWood_heavy_003.ogg
impact-wood-heavy-05.ogg	kenney-impact	CC0 1.0	sfx/kenney_impact-sounds/Audio/impactWood_heavy_004.ogg
impact-wood-light-01.ogg	kenney-impact	CC0 1.0	sfx/kenney_impact-sounds/Audio/impactWood_light_000.ogg
impact-wood-light-02.ogg	kenney-impact	CC0 1.0	sfx/kenney_impact-sounds/Audio/impactWood_light_001.ogg
impact-wood-light-03.ogg	kenney-impact	CC0 1.0	sfx/kenney_impact-sounds/Audio/impactWood_light_002.ogg
impact-wood-light-04.ogg	kenney-impact	CC0 1.0	sfx/kenney_impact-sounds/Audio/impactWood_light_003.ogg
impact-wood-light-05.ogg	kenney-impact	CC0 1.0	sfx/kenney_impact-sounds/Audio/impactWood_light_004.ogg
impact-wood-medium-01.ogg	kenney-impact	CC0 1.0	sfx/kenney_impact-sounds/Audio/impactWood_medium_000.ogg
impact-wood-medium-02.ogg	kenney-impact	CC0 1.0	sfx/kenney_impact-sounds/Audio/impactWood_medium_001.ogg
impact-wood-medium-03.ogg	kenney-impact	CC0 1.0	sfx/kenney_impact-sounds/Audio/impactWood_medium_002.ogg
impact-wood-medium-04.ogg	kenney-impact	CC0 1.0	sfx/kenney_impact-sounds/Audio/impactWood_medium_003.ogg
impact-wood-medium-05.ogg	kenney-impact	CC0 1.0	sfx/kenney_impact-sounds/Audio/impactWood_medium_004.ogg
jingle-hit-01.ogg	kenney-jingles	CC0 1.0	sfx/kenney_music-jingles/Audio/Hit jingles/jingles_HIT00.ogg
jingle-hit-02.ogg	kenney-jingles	CC0 1.0	sfx/kenney_music-jingles/Audio/Hit jingles/jingles_HIT01.ogg
jingle-hit-03.ogg	kenney-jingles	CC0 1.0	sfx/kenney_music-jingles/Audio/Hit jingles/jingles_HIT02.ogg
jingle-hit-04.ogg	kenney-jingles	CC0 1.0	sfx/kenney_music-jingles/Audio/Hit jingles/jingles_HIT03.ogg
jingle-hit-05.ogg	kenney-jingles	CC0 1.0	sfx/kenney_music-jingles/Audio/Hit jingles/jingles_HIT04.ogg
jingle-hit-06.ogg	kenney-jingles	CC0 1.0	sfx/kenney_music-jingles/Audio/Hit jingles/jingles_HIT05.ogg
jingle-hit-07.ogg	kenney-jingles	CC0 1.0	sfx/kenney_music-jingles/Audio/Hit jingles/jingles_HIT06.ogg
jingle-hit-08.ogg	kenney-jingles	CC0 1.0	sfx/kenney_music-jingles/Audio/Hit jingles/jingles_HIT07.ogg
jingle-hit-09.ogg	kenney-jingles	CC0 1.0	sfx/kenney_music-jingles/Audio/Hit jingles/jingles_HIT08.ogg
jingle-hit-10.ogg	kenney-jingles	CC0 1.0	sfx/kenney_music-jingles/Audio/Hit jingles/jingles_HIT09.ogg
jingle-hit-11.ogg	kenney-jingles	CC0 1.0	sfx/kenney_music-jingles/Audio/Hit jingles/jingles_HIT10.ogg
jingle-hit-12.ogg	kenney-jingles	CC0 1.0	sfx/kenney_music-jingles/Audio/Hit jingles/jingles_HIT11.ogg
jingle-hit-13.ogg	kenney-jingles	CC0 1.0	sfx/kenney_music-jingles/Audio/Hit jingles/jingles_HIT12.ogg
jingle-hit-14.ogg	kenney-jingles	CC0 1.0	sfx/kenney_music-jingles/Audio/Hit jingles/jingles_HIT13.ogg
jingle-hit-15.ogg	kenney-jingles	CC0 1.0	sfx/kenney_music-jingles/Audio/Hit jingles/jingles_HIT14.ogg
jingle-hit-16.ogg	kenney-jingles	CC0 1.0	sfx/kenney_music-jingles/Audio/Hit jingles/jingles_HIT15.ogg
jingle-hit-17.ogg	kenney-jingles	CC0 1.0	sfx/kenney_music-jingles/Audio/Hit jingles/jingles_HIT16.ogg
jingle-nes-01.ogg	kenney-jingles	CC0 1.0	sfx/kenney_music-jingles/Audio/8-Bit jingles/jingles_NES00.ogg
jingle-nes-02.ogg	kenney-jingles	CC0 1.0	sfx/kenney_music-jingles/Audio/8-Bit jingles/jingles_NES01.ogg
jingle-nes-03.ogg	kenney-jingles	CC0 1.0	sfx/kenney_music-jingles/Audio/8-Bit jingles/jingles_NES02.ogg
jingle-nes-04.ogg	kenney-jingles	CC0 1.0	sfx/kenney_music-jingles/Audio/8-Bit jingles/jingles_NES03.ogg
jingle-nes-05.ogg	kenney-jingles	CC0 1.0	sfx/kenney_music-jingles/Audio/8-Bit jingles/jingles_NES04.ogg
jingle-nes-06.ogg	kenney-jingles	CC0 1.0	sfx/kenney_music-jingles/Audio/8-Bit jingles/jingles_NES05.ogg
jingle-nes-07.ogg	kenney-jingles	CC0 1.0	sfx/kenney_music-jingles/Audio/8-Bit jingles/jingles_NES06.ogg
jingle-nes-08.ogg	kenney-jingles	CC0 1.0	sfx/kenney_music-jingles/Audio/8-Bit jingles/jingles_NES07.ogg
jingle-nes-09.ogg	kenney-jingles	CC0 1.0	sfx/kenney_music-jingles/Audio/8-Bit jingles/jingles_NES08.ogg
jingle-nes-10.ogg	kenney-jingles	CC0 1.0	sfx/kenney_music-jingles/Audio/8-Bit jingles/jingles_NES09.ogg
jingle-nes-11.ogg	kenney-jingles	CC0 1.0	sfx/kenney_music-jingles/Audio/8-Bit jingles/jingles_NES10.ogg
jingle-nes-12.ogg	kenney-jingles	CC0 1.0	sfx/kenney_music-jingles/Audio/8-Bit jingles/jingles_NES11.ogg
jingle-nes-13.ogg	kenney-jingles	CC0 1.0	sfx/kenney_music-jingles/Audio/8-Bit jingles/jingles_NES12.ogg
jingle-nes-14.ogg	kenney-jingles	CC0 1.0	sfx/kenney_music-jingles/Audio/8-Bit jingles/jingles_NES13.ogg
jingle-nes-15.ogg	kenney-jingles	CC0 1.0	sfx/kenney_music-jingles/Audio/8-Bit jingles/jingles_NES14.ogg
jingle-nes-16.ogg	kenney-jingles	CC0 1.0	sfx/kenney_music-jingles/Audio/8-Bit jingles/jingles_NES15.ogg
jingle-nes-17.ogg	kenney-jingles	CC0 1.0	sfx/kenney_music-jingles/Audio/8-Bit jingles/jingles_NES16.ogg
jingle-pizzicato-01.ogg	kenney-jingles	CC0 1.0	sfx/kenney_music-jingles/Audio/Pizzicato jingles/jingles_PIZZI00.ogg
jingle-pizzicato-02.ogg	kenney-jingles	CC0 1.0	sfx/kenney_music-jingles/Audio/Pizzicato jingles/jingles_PIZZI01.ogg
jingle-pizzicato-03.ogg	kenney-jingles	CC0 1.0	sfx/kenney_music-jingles/Audio/Pizzicato jingles/jingles_PIZZI02.ogg
jingle-pizzicato-04.ogg	kenney-jingles	CC0 1.0	sfx/kenney_music-jingles/Audio/Pizzicato jingles/jingles_PIZZI03.ogg
jingle-pizzicato-05.ogg	kenney-jingles	CC0 1.0	sfx/kenney_music-jingles/Audio/Pizzicato jingles/jingles_PIZZI04.ogg
jingle-pizzicato-06.ogg	kenney-jingles	CC0 1.0	sfx/kenney_music-jingles/Audio/Pizzicato jingles/jingles_PIZZI05.ogg
jingle-pizzicato-07.ogg	kenney-jingles	CC0 1.0	sfx/kenney_music-jingles/Audio/Pizzicato jingles/jingles_PIZZI06.ogg
jingle-pizzicato-08.ogg	kenney-jingles	CC0 1.0	sfx/kenney_music-jingles/Audio/Pizzicato jingles/jingles_PIZZI07.ogg
jingle-pizzicato-09.ogg	kenney-jingles	CC0 1.0	sfx/kenney_music-jingles/Audio/Pizzicato jingles/jingles_PIZZI08.ogg
jingle-pizzicato-10.ogg	kenney-jingles	CC0 1.0	sfx/kenney_music-jingles/Audio/Pizzicato jingles/jingles_PIZZI09.ogg
jingle-pizzicato-11.ogg	kenney-jingles	CC0 1.0	sfx/kenney_music-jingles/Audio/Pizzicato jingles/jingles_PIZZI10.ogg
jingle-pizzicato-12.ogg	kenney-jingles	CC0 1.0	sfx/kenney_music-jingles/Audio/Pizzicato jingles/jingles_PIZZI11.ogg
jingle-pizzicato-13.ogg	kenney-jingles	CC0 1.0	sfx/kenney_music-jingles/Audio/Pizzicato jingles/jingles_PIZZI12.ogg
jingle-pizzicato-14.ogg	kenney-jingles	CC0 1.0	sfx/kenney_music-jingles/Audio/Pizzicato jingles/jingles_PIZZI13.ogg
jingle-pizzicato-15.ogg	kenney-jingles	CC0 1.0	sfx/kenney_music-jingles/Audio/Pizzicato jingles/jingles_PIZZI14.ogg
jingle-pizzicato-16.ogg	kenney-jingles	CC0 1.0	sfx/kenney_music-jingles/Audio/Pizzicato jingles/jingles_PIZZI15.ogg
jingle-pizzicato-17.ogg	kenney-jingles	CC0 1.0	sfx/kenney_music-jingles/Audio/Pizzicato jingles/jingles_PIZZI16.ogg
jingle-sax-01.ogg	kenney-jingles	CC0 1.0	sfx/kenney_music-jingles/Audio/Sax jingles/jingles_SAX00.ogg
jingle-sax-02.ogg	kenney-jingles	CC0 1.0	sfx/kenney_music-jingles/Audio/Sax jingles/jingles_SAX01.ogg
jingle-sax-03.ogg	kenney-jingles	CC0 1.0	sfx/kenney_music-jingles/Audio/Sax jingles/jingles_SAX02.ogg
jingle-sax-04.ogg	kenney-jingles	CC0 1.0	sfx/kenney_music-jingles/Audio/Sax jingles/jingles_SAX03.ogg
jingle-sax-05.ogg	kenney-jingles	CC0 1.0	sfx/kenney_music-jingles/Audio/Sax jingles/jingles_SAX04.ogg
jingle-sax-06.ogg	kenney-jingles	CC0 1.0	sfx/kenney_music-jingles/Audio/Sax jingles/jingles_SAX05.ogg
jingle-sax-07.ogg	kenney-jingles	CC0 1.0	sfx/kenney_music-jingles/Audio/Sax jingles/jingles_SAX06.ogg
jingle-sax-08.ogg	kenney-jingles	CC0 1.0	sfx/kenney_music-jingles/Audio/Sax jingles/jingles_SAX07.ogg
jingle-sax-09.ogg	kenney-jingles	CC0 1.0	sfx/kenney_music-jingles/Audio/Sax jingles/jingles_SAX08.ogg
jingle-sax-10.ogg	kenney-jingles	CC0 1.0	sfx/kenney_music-jingles/Audio/Sax jingles/jingles_SAX09.ogg
jingle-sax-11.ogg	kenney-jingles	CC0 1.0	sfx/kenney_music-jingles/Audio/Sax jingles/jingles_SAX10.ogg
jingle-sax-12.ogg	kenney-jingles	CC0 1.0	sfx/kenney_music-jingles/Audio/Sax jingles/jingles_SAX11.ogg
jingle-sax-13.ogg	kenney-jingles	CC0 1.0	sfx/kenney_music-jingles/Audio/Sax jingles/jingles_SAX12.ogg
jingle-sax-14.ogg	kenney-jingles	CC0 1.0	sfx/kenney_music-jingles/Audio/Sax jingles/jingles_SAX13.ogg
jingle-sax-15.ogg	kenney-jingles	CC0 1.0	sfx/kenney_music-jingles/Audio/Sax jingles/jingles_SAX14.ogg
jingle-sax-16.ogg	kenney-jingles	CC0 1.0	sfx/kenney_music-jingles/Audio/Sax jingles/jingles_SAX15.ogg
jingle-sax-17.ogg	kenney-jingles	CC0 1.0	sfx/kenney_music-jingles/Audio/Sax jingles/jingles_SAX16.ogg
jingle-steel-01.ogg	kenney-jingles	CC0 1.0	sfx/kenney_music-jingles/Audio/Steel jingles/jingles_STEEL00.ogg
jingle-steel-02.ogg	kenney-jingles	CC0 1.0	sfx/kenney_music-jingles/Audio/Steel jingles/jingles_STEEL01.ogg
jingle-steel-03.ogg	kenney-jingles	CC0 1.0	sfx/kenney_music-jingles/Audio/Steel jingles/jingles_STEEL02.ogg
jingle-steel-04.ogg	kenney-jingles	CC0 1.0	sfx/kenney_music-jingles/Audio/Steel jingles/jingles_STEEL03.ogg
jingle-steel-05.ogg	kenney-jingles	CC0 1.0	sfx/kenney_music-jingles/Audio/Steel jingles/jingles_STEEL04.ogg
jingle-steel-06.ogg	kenney-jingles	CC0 1.0	sfx/kenney_music-jingles/Audio/Steel jingles/jingles_STEEL05.ogg
jingle-steel-07.ogg	kenney-jingles	CC0 1.0	sfx/kenney_music-jingles/Audio/Steel jingles/jingles_STEEL06.ogg
jingle-steel-08.ogg	kenney-jingles	CC0 1.0	sfx/kenney_music-jingles/Audio/Steel jingles/jingles_STEEL07.ogg
jingle-steel-09.ogg	kenney-jingles	CC0 1.0	sfx/kenney_music-jingles/Audio/Steel jingles/jingles_STEEL08.ogg
jingle-steel-10.ogg	kenney-jingles	CC0 1.0	sfx/kenney_music-jingles/Audio/Steel jingles/jingles_STEEL09.ogg
jingle-steel-11.ogg	kenney-jingles	CC0 1.0	sfx/kenney_music-jingles/Audio/Steel jingles/jingles_STEEL10.ogg
jingle-steel-12.ogg	kenney-jingles	CC0 1.0	sfx/kenney_music-jingles/Audio/Steel jingles/jingles_STEEL11.ogg
jingle-steel-13.ogg	kenney-jingles	CC0 1.0	sfx/kenney_music-jingles/Audio/Steel jingles/jingles_STEEL12.ogg
jingle-steel-14.ogg	kenney-jingles	CC0 1.0	sfx/kenney_music-jingles/Audio/Steel jingles/jingles_STEEL13.ogg
jingle-steel-15.ogg	kenney-jingles	CC0 1.0	sfx/kenney_music-jingles/Audio/Steel jingles/jingles_STEEL14.ogg
jingle-steel-16.ogg	kenney-jingles	CC0 1.0	sfx/kenney_music-jingles/Audio/Steel jingles/jingles_STEEL15.ogg
jingle-steel-17.ogg	kenney-jingles	CC0 1.0	sfx/kenney_music-jingles/Audio/Steel jingles/jingles_STEEL16.ogg
knife-draw-01.ogg	kenney-rpg	CC0 1.0	sfx/kenney_rpg-audio/Audio/drawKnife1.ogg
knife-draw-02.ogg	kenney-rpg	CC0 1.0	sfx/kenney_rpg-audio/Audio/drawKnife2.ogg
knife-draw-03.ogg	kenney-rpg	CC0 1.0	sfx/kenney_rpg-audio/Audio/drawKnife3.ogg
knife-slice-01.ogg	kenney-rpg	CC0 1.0	sfx/kenney_rpg-audio/Audio/knifeSlice.ogg
knife-slice-02.ogg	kenney-rpg	CC0 1.0	sfx/kenney_rpg-audio/Audio/knifeSlice2.ogg
laser-digital-01.ogg	kenney-digital	CC0 1.0	sfx/kenney_digital-audio/Audio/laser1.ogg
laser-digital-02.ogg	kenney-digital	CC0 1.0	sfx/kenney_digital-audio/Audio/laser2.ogg
laser-digital-03.ogg	kenney-digital	CC0 1.0	sfx/kenney_digital-audio/Audio/laser3.ogg
laser-digital-04.ogg	kenney-digital	CC0 1.0	sfx/kenney_digital-audio/Audio/laser4.ogg
laser-digital-05.ogg	kenney-digital	CC0 1.0	sfx/kenney_digital-audio/Audio/laser5.ogg
laser-digital-06.ogg	kenney-digital	CC0 1.0	sfx/kenney_digital-audio/Audio/laser6.ogg
laser-digital-07.ogg	kenney-digital	CC0 1.0	sfx/kenney_digital-audio/Audio/laser7.ogg
laser-digital-08.ogg	kenney-digital	CC0 1.0	sfx/kenney_digital-audio/Audio/laser8.ogg
laser-digital-09.ogg	kenney-digital	CC0 1.0	sfx/kenney_digital-audio/Audio/laser9.ogg
laser-large-01.ogg	kenney-scifi	CC0 1.0	sfx/kenney_sci-fi-sounds/Audio/laserLarge_000.ogg
laser-large-02.ogg	kenney-scifi	CC0 1.0	sfx/kenney_sci-fi-sounds/Audio/laserLarge_001.ogg
laser-large-03.ogg	kenney-scifi	CC0 1.0	sfx/kenney_sci-fi-sounds/Audio/laserLarge_002.ogg
laser-large-04.ogg	kenney-scifi	CC0 1.0	sfx/kenney_sci-fi-sounds/Audio/laserLarge_003.ogg
laser-large-05.ogg	kenney-scifi	CC0 1.0	sfx/kenney_sci-fi-sounds/Audio/laserLarge_004.ogg
laser-retro-01.ogg	kenney-scifi	CC0 1.0	sfx/kenney_sci-fi-sounds/Audio/laserRetro_000.ogg
laser-retro-02.ogg	kenney-scifi	CC0 1.0	sfx/kenney_sci-fi-sounds/Audio/laserRetro_001.ogg
laser-retro-03.ogg	kenney-scifi	CC0 1.0	sfx/kenney_sci-fi-sounds/Audio/laserRetro_002.ogg
laser-retro-04.ogg	kenney-scifi	CC0 1.0	sfx/kenney_sci-fi-sounds/Audio/laserRetro_003.ogg
laser-retro-05.ogg	kenney-scifi	CC0 1.0	sfx/kenney_sci-fi-sounds/Audio/laserRetro_004.ogg
laser-small-01.ogg	kenney-scifi	CC0 1.0	sfx/kenney_sci-fi-sounds/Audio/laserSmall_000.ogg
laser-small-02.ogg	kenney-scifi	CC0 1.0	sfx/kenney_sci-fi-sounds/Audio/laserSmall_001.ogg
laser-small-03.ogg	kenney-scifi	CC0 1.0	sfx/kenney_sci-fi-sounds/Audio/laserSmall_002.ogg
laser-small-04.ogg	kenney-scifi	CC0 1.0	sfx/kenney_sci-fi-sounds/Audio/laserSmall_003.ogg
laser-small-05.ogg	kenney-scifi	CC0 1.0	sfx/kenney_sci-fi-sounds/Audio/laserSmall_004.ogg
leather-belt-01.ogg	kenney-rpg	CC0 1.0	sfx/kenney_rpg-audio/Audio/beltHandle1.ogg
leather-belt-02.ogg	kenney-rpg	CC0 1.0	sfx/kenney_rpg-audio/Audio/beltHandle2.ogg
leather-drop-01.ogg	kenney-rpg	CC0 1.0	sfx/kenney_rpg-audio/Audio/dropLeather.ogg
leather-handle-01.ogg	kenney-rpg	CC0 1.0	sfx/kenney_rpg-audio/Audio/handleSmallLeather.ogg
leather-handle-02.ogg	kenney-rpg	CC0 1.0	sfx/kenney_rpg-audio/Audio/handleSmallLeather2.ogg
loop-engine-01.ogg	kenney-scifi	CC0 1.0	sfx/kenney_sci-fi-sounds/Audio/spaceEngine_000.ogg
loop-engine-02.ogg	kenney-scifi	CC0 1.0	sfx/kenney_sci-fi-sounds/Audio/spaceEngine_001.ogg
loop-engine-03.ogg	kenney-scifi	CC0 1.0	sfx/kenney_sci-fi-sounds/Audio/spaceEngine_002.ogg
loop-engine-04.ogg	kenney-scifi	CC0 1.0	sfx/kenney_sci-fi-sounds/Audio/spaceEngine_003.ogg
loop-engine-circular-01.ogg	kenney-scifi	CC0 1.0	sfx/kenney_sci-fi-sounds/Audio/engineCircular_000.ogg
loop-engine-circular-02.ogg	kenney-scifi	CC0 1.0	sfx/kenney_sci-fi-sounds/Audio/engineCircular_001.ogg
loop-engine-circular-03.ogg	kenney-scifi	CC0 1.0	sfx/kenney_sci-fi-sounds/Audio/engineCircular_002.ogg
loop-engine-circular-04.ogg	kenney-scifi	CC0 1.0	sfx/kenney_sci-fi-sounds/Audio/engineCircular_003.ogg
loop-engine-circular-05.ogg	kenney-scifi	CC0 1.0	sfx/kenney_sci-fi-sounds/Audio/engineCircular_004.ogg
loop-engine-large-01.ogg	kenney-scifi	CC0 1.0	sfx/kenney_sci-fi-sounds/Audio/spaceEngineLarge_000.ogg
loop-engine-large-02.ogg	kenney-scifi	CC0 1.0	sfx/kenney_sci-fi-sounds/Audio/spaceEngineLarge_001.ogg
loop-engine-large-03.ogg	kenney-scifi	CC0 1.0	sfx/kenney_sci-fi-sounds/Audio/spaceEngineLarge_002.ogg
loop-engine-large-04.ogg	kenney-scifi	CC0 1.0	sfx/kenney_sci-fi-sounds/Audio/spaceEngineLarge_003.ogg
loop-engine-large-05.ogg	kenney-scifi	CC0 1.0	sfx/kenney_sci-fi-sounds/Audio/spaceEngineLarge_004.ogg
loop-engine-low-01.ogg	kenney-scifi	CC0 1.0	sfx/kenney_sci-fi-sounds/Audio/spaceEngineLow_000.ogg
loop-engine-low-02.ogg	kenney-scifi	CC0 1.0	sfx/kenney_sci-fi-sounds/Audio/spaceEngineLow_001.ogg
loop-engine-low-03.ogg	kenney-scifi	CC0 1.0	sfx/kenney_sci-fi-sounds/Audio/spaceEngineLow_002.ogg
loop-engine-low-04.ogg	kenney-scifi	CC0 1.0	sfx/kenney_sci-fi-sounds/Audio/spaceEngineLow_003.ogg
loop-engine-low-05.ogg	kenney-scifi	CC0 1.0	sfx/kenney_sci-fi-sounds/Audio/spaceEngineLow_004.ogg
loop-engine-small-01.ogg	kenney-scifi	CC0 1.0	sfx/kenney_sci-fi-sounds/Audio/spaceEngineSmall_000.ogg
loop-engine-small-02.ogg	kenney-scifi	CC0 1.0	sfx/kenney_sci-fi-sounds/Audio/spaceEngineSmall_001.ogg
loop-engine-small-03.ogg	kenney-scifi	CC0 1.0	sfx/kenney_sci-fi-sounds/Audio/spaceEngineSmall_002.ogg
loop-engine-small-04.ogg	kenney-scifi	CC0 1.0	sfx/kenney_sci-fi-sounds/Audio/spaceEngineSmall_003.ogg
loop-engine-small-05.ogg	kenney-scifi	CC0 1.0	sfx/kenney_sci-fi-sounds/Audio/spaceEngineSmall_004.ogg
loop-thruster-01.ogg	kenney-scifi	CC0 1.0	sfx/kenney_sci-fi-sounds/Audio/thrusterFire_000.ogg
loop-thruster-02.ogg	kenney-scifi	CC0 1.0	sfx/kenney_sci-fi-sounds/Audio/thrusterFire_001.ogg
loop-thruster-03.ogg	kenney-scifi	CC0 1.0	sfx/kenney_sci-fi-sounds/Audio/thrusterFire_002.ogg
loop-thruster-04.ogg	kenney-scifi	CC0 1.0	sfx/kenney_sci-fi-sounds/Audio/thrusterFire_003.ogg
loop-thruster-05.ogg	kenney-scifi	CC0 1.0	sfx/kenney_sci-fi-sounds/Audio/thrusterFire_004.ogg
metal-click-01.ogg	kenney-rpg	CC0 1.0	sfx/kenney_rpg-audio/Audio/metalClick.ogg
metal-latch-01.ogg	kenney-rpg	CC0 1.0	sfx/kenney_rpg-audio/Audio/metalLatch.ogg
metal-pot-01.ogg	kenney-rpg	CC0 1.0	sfx/kenney_rpg-audio/Audio/metalPot1.ogg
metal-pot-02.ogg	kenney-rpg	CC0 1.0	sfx/kenney_rpg-audio/Audio/metalPot2.ogg
metal-pot-03.ogg	kenney-rpg	CC0 1.0	sfx/kenney_rpg-audio/Audio/metalPot3.ogg
phaser-down-01.ogg	kenney-digital	CC0 1.0	sfx/kenney_digital-audio/Audio/phaserDown1.ogg
phaser-down-02.ogg	kenney-digital	CC0 1.0	sfx/kenney_digital-audio/Audio/phaserDown2.ogg
phaser-down-03.ogg	kenney-digital	CC0 1.0	sfx/kenney_digital-audio/Audio/phaserDown3.ogg
phaser-jump-01.ogg	kenney-digital	CC0 1.0	sfx/kenney_digital-audio/Audio/phaseJump1.ogg
phaser-jump-02.ogg	kenney-digital	CC0 1.0	sfx/kenney_digital-audio/Audio/phaseJump2.ogg
phaser-jump-03.ogg	kenney-digital	CC0 1.0	sfx/kenney_digital-audio/Audio/phaseJump3.ogg
phaser-jump-04.ogg	kenney-digital	CC0 1.0	sfx/kenney_digital-audio/Audio/phaseJump4.ogg
phaser-jump-05.ogg	kenney-digital	CC0 1.0	sfx/kenney_digital-audio/Audio/phaseJump5.ogg
phaser-up-01.ogg	kenney-digital	CC0 1.0	sfx/kenney_digital-audio/Audio/phaserUp1.ogg
phaser-up-02.ogg	kenney-digital	CC0 1.0	sfx/kenney_digital-audio/Audio/phaserUp2.ogg
phaser-up-03.ogg	kenney-digital	CC0 1.0	sfx/kenney_digital-audio/Audio/phaserUp3.ogg
phaser-up-04.ogg	kenney-digital	CC0 1.0	sfx/kenney_digital-audio/Audio/phaserUp4.ogg
phaser-up-05.ogg	kenney-digital	CC0 1.0	sfx/kenney_digital-audio/Audio/phaserUp5.ogg
phaser-up-06.ogg	kenney-digital	CC0 1.0	sfx/kenney_digital-audio/Audio/phaserUp6.ogg
phaser-up-07.ogg	kenney-digital	CC0 1.0	sfx/kenney_digital-audio/Audio/phaserUp7.ogg
powerup-01.ogg	kenney-digital	CC0 1.0	sfx/kenney_digital-audio/Audio/powerUp1.ogg
powerup-02.ogg	kenney-digital	CC0 1.0	sfx/kenney_digital-audio/Audio/powerUp2.ogg
powerup-03.ogg	kenney-digital	CC0 1.0	sfx/kenney_digital-audio/Audio/powerUp3.ogg
powerup-04.ogg	kenney-digital	CC0 1.0	sfx/kenney_digital-audio/Audio/powerUp4.ogg
powerup-05.ogg	kenney-digital	CC0 1.0	sfx/kenney_digital-audio/Audio/powerUp5.ogg
powerup-06.ogg	kenney-digital	CC0 1.0	sfx/kenney_digital-audio/Audio/powerUp6.ogg
powerup-07.ogg	kenney-digital	CC0 1.0	sfx/kenney_digital-audio/Audio/powerUp7.ogg
powerup-08.ogg	kenney-digital	CC0 1.0	sfx/kenney_digital-audio/Audio/powerUp8.ogg
powerup-09.ogg	kenney-digital	CC0 1.0	sfx/kenney_digital-audio/Audio/powerUp9.ogg
powerup-10.ogg	kenney-digital	CC0 1.0	sfx/kenney_digital-audio/Audio/powerUp10.ogg
powerup-11.ogg	kenney-digital	CC0 1.0	sfx/kenney_digital-audio/Audio/powerUp11.ogg
powerup-12.ogg	kenney-digital	CC0 1.0	sfx/kenney_digital-audio/Audio/powerUp12.ogg
slime-01.ogg	kenney-scifi	CC0 1.0	sfx/kenney_sci-fi-sounds/Audio/slime_000.ogg
slime-02.ogg	kenney-scifi	CC0 1.0	sfx/kenney_sci-fi-sounds/Audio/slime_001.ogg
step-carpet-01.ogg	kenney-impact	CC0 1.0	sfx/kenney_impact-sounds/Audio/footstep_carpet_000.ogg
step-carpet-02.ogg	kenney-impact	CC0 1.0	sfx/kenney_impact-sounds/Audio/footstep_carpet_001.ogg
step-carpet-04.ogg	kenney-impact	CC0 1.0	sfx/kenney_impact-sounds/Audio/footstep_carpet_003.ogg
step-concrete-01.ogg	kenney-impact	CC0 1.0	sfx/kenney_impact-sounds/Audio/footstep_concrete_000.ogg
step-concrete-02.ogg	kenney-impact	CC0 1.0	sfx/kenney_impact-sounds/Audio/footstep_concrete_001.ogg
step-concrete-03.ogg	kenney-impact	CC0 1.0	sfx/kenney_impact-sounds/Audio/footstep_concrete_002.ogg
step-concrete-04.ogg	kenney-impact	CC0 1.0	sfx/kenney_impact-sounds/Audio/footstep_concrete_003.ogg
step-concrete-05.ogg	kenney-impact	CC0 1.0	sfx/kenney_impact-sounds/Audio/footstep_concrete_004.ogg
step-generic-01.ogg	kenney-rpg	CC0 1.0	sfx/kenney_rpg-audio/Audio/footstep00.ogg
step-generic-02.ogg	kenney-rpg	CC0 1.0	sfx/kenney_rpg-audio/Audio/footstep01.ogg
step-generic-03.ogg	kenney-rpg	CC0 1.0	sfx/kenney_rpg-audio/Audio/footstep02.ogg
step-generic-04.ogg	kenney-rpg	CC0 1.0	sfx/kenney_rpg-audio/Audio/footstep03.ogg
step-generic-05.ogg	kenney-rpg	CC0 1.0	sfx/kenney_rpg-audio/Audio/footstep04.ogg
step-generic-06.ogg	kenney-rpg	CC0 1.0	sfx/kenney_rpg-audio/Audio/footstep05.ogg
step-generic-07.ogg	kenney-rpg	CC0 1.0	sfx/kenney_rpg-audio/Audio/footstep06.ogg
step-generic-08.ogg	kenney-rpg	CC0 1.0	sfx/kenney_rpg-audio/Audio/footstep07.ogg
step-generic-09.ogg	kenney-rpg	CC0 1.0	sfx/kenney_rpg-audio/Audio/footstep08.ogg
step-generic-10.ogg	kenney-rpg	CC0 1.0	sfx/kenney_rpg-audio/Audio/footstep09.ogg
step-grass-01.ogg	kenney-impact	CC0 1.0	sfx/kenney_impact-sounds/Audio/footstep_grass_000.ogg
step-grass-02.ogg	kenney-impact	CC0 1.0	sfx/kenney_impact-sounds/Audio/footstep_grass_001.ogg
step-grass-03.ogg	kenney-impact	CC0 1.0	sfx/kenney_impact-sounds/Audio/footstep_grass_002.ogg
step-grass-04.ogg	kenney-impact	CC0 1.0	sfx/kenney_impact-sounds/Audio/footstep_grass_003.ogg
step-grass-05.ogg	kenney-impact	CC0 1.0	sfx/kenney_impact-sounds/Audio/footstep_grass_004.ogg
step-snow-01.ogg	kenney-impact	CC0 1.0	sfx/kenney_impact-sounds/Audio/footstep_snow_000.ogg
step-snow-02.ogg	kenney-impact	CC0 1.0	sfx/kenney_impact-sounds/Audio/footstep_snow_001.ogg
step-snow-03.ogg	kenney-impact	CC0 1.0	sfx/kenney_impact-sounds/Audio/footstep_snow_002.ogg
step-snow-04.ogg	kenney-impact	CC0 1.0	sfx/kenney_impact-sounds/Audio/footstep_snow_003.ogg
step-snow-05.ogg	kenney-impact	CC0 1.0	sfx/kenney_impact-sounds/Audio/footstep_snow_004.ogg
step-wood-01.ogg	kenney-impact	CC0 1.0	sfx/kenney_impact-sounds/Audio/footstep_wood_000.ogg
step-wood-02.ogg	kenney-impact	CC0 1.0	sfx/kenney_impact-sounds/Audio/footstep_wood_001.ogg
step-wood-03.ogg	kenney-impact	CC0 1.0	sfx/kenney_impact-sounds/Audio/footstep_wood_002.ogg
step-wood-04.ogg	kenney-impact	CC0 1.0	sfx/kenney_impact-sounds/Audio/footstep_wood_003.ogg
step-wood-05.ogg	kenney-impact	CC0 1.0	sfx/kenney_impact-sounds/Audio/footstep_wood_004.ogg
tone-double-01.ogg	kenney-digital	CC0 1.0	sfx/kenney_digital-audio/Audio/twoTone1.ogg
tone-double-02.ogg	kenney-digital	CC0 1.0	sfx/kenney_digital-audio/Audio/twoTone2.ogg
tone-high-down-01.ogg	kenney-digital	CC0 1.0	sfx/kenney_digital-audio/Audio/highDown.ogg
tone-high-up-01.ogg	kenney-digital	CC0 1.0	sfx/kenney_digital-audio/Audio/highUp.ogg
tone-low-down-01.ogg	kenney-digital	CC0 1.0	sfx/kenney_digital-audio/Audio/lowDown.ogg
tone-low-random-01.ogg	kenney-digital	CC0 1.0	sfx/kenney_digital-audio/Audio/lowRandom.ogg
tone-low-triple-01.ogg	kenney-digital	CC0 1.0	sfx/kenney_digital-audio/Audio/lowThreeTone.ogg
tone-pep-01.ogg	kenney-digital	CC0 1.0	sfx/kenney_digital-audio/Audio/pepSound1.ogg
tone-pep-02.ogg	kenney-digital	CC0 1.0	sfx/kenney_digital-audio/Audio/pepSound2.ogg
tone-pep-03.ogg	kenney-digital	CC0 1.0	sfx/kenney_digital-audio/Audio/pepSound3.ogg
tone-pep-04.ogg	kenney-digital	CC0 1.0	sfx/kenney_digital-audio/Audio/pepSound4.ogg
tone-pep-05.ogg	kenney-digital	CC0 1.0	sfx/kenney_digital-audio/Audio/pepSound5.ogg
tone-single-01.ogg	kenney-digital	CC0 1.0	sfx/kenney_digital-audio/Audio/tone1.ogg
tone-triple-01.ogg	kenney-digital	CC0 1.0	sfx/kenney_digital-audio/Audio/threeTone1.ogg
tone-triple-02.ogg	kenney-digital	CC0 1.0	sfx/kenney_digital-audio/Audio/threeTone2.ogg
ui-back-01.ogg	kenney-interface	CC0 1.0	sfx/kenney_interface-sounds/Audio/back_001.ogg
ui-back-02.ogg	kenney-interface	CC0 1.0	sfx/kenney_interface-sounds/Audio/back_002.ogg
ui-back-03.ogg	kenney-interface	CC0 1.0	sfx/kenney_interface-sounds/Audio/back_003.ogg
ui-back-04.ogg	kenney-interface	CC0 1.0	sfx/kenney_interface-sounds/Audio/back_004.ogg
ui-bong-01.ogg	kenney-interface	CC0 1.0	sfx/kenney_interface-sounds/Audio/bong_001.ogg
ui-click-01.ogg	kenney-interface	CC0 1.0	sfx/kenney_interface-sounds/Audio/click_001.ogg
ui-click-02.ogg	kenney-interface	CC0 1.0	sfx/kenney_interface-sounds/Audio/click_002.ogg
ui-click-03.ogg	kenney-interface	CC0 1.0	sfx/kenney_interface-sounds/Audio/click_003.ogg
ui-click-04.ogg	kenney-interface	CC0 1.0	sfx/kenney_interface-sounds/Audio/click_004.ogg
ui-close-01.ogg	kenney-interface	CC0 1.0	sfx/kenney_interface-sounds/Audio/close_001.ogg
ui-close-02.ogg	kenney-interface	CC0 1.0	sfx/kenney_interface-sounds/Audio/close_002.ogg
ui-close-03.ogg	kenney-interface	CC0 1.0	sfx/kenney_interface-sounds/Audio/close_003.ogg
ui-close-04.ogg	kenney-interface	CC0 1.0	sfx/kenney_interface-sounds/Audio/close_004.ogg
ui-confirm-01.ogg	kenney-interface	CC0 1.0	sfx/kenney_interface-sounds/Audio/confirmation_001.ogg
ui-confirm-02.ogg	kenney-interface	CC0 1.0	sfx/kenney_interface-sounds/Audio/confirmation_002.ogg
ui-confirm-03.ogg	kenney-interface	CC0 1.0	sfx/kenney_interface-sounds/Audio/confirmation_003.ogg
ui-confirm-04.ogg	kenney-interface	CC0 1.0	sfx/kenney_interface-sounds/Audio/confirmation_004.ogg
ui-drop-01.ogg	kenney-interface	CC0 1.0	sfx/kenney_interface-sounds/Audio/drop_001.ogg
ui-drop-02.ogg	kenney-interface	CC0 1.0	sfx/kenney_interface-sounds/Audio/drop_002.ogg
ui-drop-03.ogg	kenney-interface	CC0 1.0	sfx/kenney_interface-sounds/Audio/drop_003.ogg
ui-drop-04.ogg	kenney-interface	CC0 1.0	sfx/kenney_interface-sounds/Audio/drop_004.ogg
ui-glass-01.ogg	kenney-interface	CC0 1.0	sfx/kenney_interface-sounds/Audio/glass_001.ogg
ui-glass-02.ogg	kenney-interface	CC0 1.0	sfx/kenney_interface-sounds/Audio/glass_002.ogg
ui-glass-03.ogg	kenney-interface	CC0 1.0	sfx/kenney_interface-sounds/Audio/glass_003.ogg
ui-glass-04.ogg	kenney-interface	CC0 1.0	sfx/kenney_interface-sounds/Audio/glass_004.ogg
ui-glass-05.ogg	kenney-interface	CC0 1.0	sfx/kenney_interface-sounds/Audio/glass_005.ogg
ui-glass-06.ogg	kenney-interface	CC0 1.0	sfx/kenney_interface-sounds/Audio/glass_006.ogg
ui-glitch-01.ogg	kenney-interface	CC0 1.0	sfx/kenney_interface-sounds/Audio/glitch_001.ogg
ui-glitch-02.ogg	kenney-interface	CC0 1.0	sfx/kenney_interface-sounds/Audio/glitch_002.ogg
ui-maximize-01.ogg	kenney-interface	CC0 1.0	sfx/kenney_interface-sounds/Audio/maximize_001.ogg
ui-maximize-02.ogg	kenney-interface	CC0 1.0	sfx/kenney_interface-sounds/Audio/maximize_002.ogg
ui-maximize-03.ogg	kenney-interface	CC0 1.0	sfx/kenney_interface-sounds/Audio/maximize_003.ogg
ui-maximize-04.ogg	kenney-interface	CC0 1.0	sfx/kenney_interface-sounds/Audio/maximize_004.ogg
ui-maximize-05.ogg	kenney-interface	CC0 1.0	sfx/kenney_interface-sounds/Audio/maximize_005.ogg
ui-maximize-06.ogg	kenney-interface	CC0 1.0	sfx/kenney_interface-sounds/Audio/maximize_006.ogg
ui-maximize-07.ogg	kenney-interface	CC0 1.0	sfx/kenney_interface-sounds/Audio/maximize_007.ogg
ui-maximize-08.ogg	kenney-interface	CC0 1.0	sfx/kenney_interface-sounds/Audio/maximize_008.ogg
ui-maximize-09.ogg	kenney-interface	CC0 1.0	sfx/kenney_interface-sounds/Audio/maximize_009.ogg
ui-minimize-01.ogg	kenney-interface	CC0 1.0	sfx/kenney_interface-sounds/Audio/minimize_001.ogg
ui-minimize-02.ogg	kenney-interface	CC0 1.0	sfx/kenney_interface-sounds/Audio/minimize_002.ogg
ui-minimize-03.ogg	kenney-interface	CC0 1.0	sfx/kenney_interface-sounds/Audio/minimize_003.ogg
ui-minimize-04.ogg	kenney-interface	CC0 1.0	sfx/kenney_interface-sounds/Audio/minimize_004.ogg
ui-minimize-05.ogg	kenney-interface	CC0 1.0	sfx/kenney_interface-sounds/Audio/minimize_005.ogg
ui-minimize-06.ogg	kenney-interface	CC0 1.0	sfx/kenney_interface-sounds/Audio/minimize_006.ogg
ui-minimize-07.ogg	kenney-interface	CC0 1.0	sfx/kenney_interface-sounds/Audio/minimize_007.ogg
ui-minimize-08.ogg	kenney-interface	CC0 1.0	sfx/kenney_interface-sounds/Audio/minimize_008.ogg
ui-minimize-09.ogg	kenney-interface	CC0 1.0	sfx/kenney_interface-sounds/Audio/minimize_009.ogg
ui-open-01.ogg	kenney-interface	CC0 1.0	sfx/kenney_interface-sounds/Audio/open_001.ogg
ui-open-02.ogg	kenney-interface	CC0 1.0	sfx/kenney_interface-sounds/Audio/open_002.ogg
ui-open-03.ogg	kenney-interface	CC0 1.0	sfx/kenney_interface-sounds/Audio/open_003.ogg
ui-open-04.ogg	kenney-interface	CC0 1.0	sfx/kenney_interface-sounds/Audio/open_004.ogg
ui-pluck-01.ogg	kenney-interface	CC0 1.0	sfx/kenney_interface-sounds/Audio/pluck_001.ogg
ui-pluck-02.ogg	kenney-interface	CC0 1.0	sfx/kenney_interface-sounds/Audio/pluck_002.ogg
ui-question-01.ogg	kenney-interface	CC0 1.0	sfx/kenney_interface-sounds/Audio/question_001.ogg
ui-question-02.ogg	kenney-interface	CC0 1.0	sfx/kenney_interface-sounds/Audio/question_002.ogg
ui-question-03.ogg	kenney-interface	CC0 1.0	sfx/kenney_interface-sounds/Audio/question_003.ogg
ui-question-04.ogg	kenney-interface	CC0 1.0	sfx/kenney_interface-sounds/Audio/question_004.ogg
ui-rollover-01.ogg	kenney-ui	CC0 1.0	sfx/kenney_ui-audio/Audio/rollover1.ogg
ui-rollover-02.ogg	kenney-ui	CC0 1.0	sfx/kenney_ui-audio/Audio/rollover2.ogg
ui-rollover-03.ogg	kenney-ui	CC0 1.0	sfx/kenney_ui-audio/Audio/rollover3.ogg
ui-rollover-04.ogg	kenney-ui	CC0 1.0	sfx/kenney_ui-audio/Audio/rollover4.ogg
ui-rollover-05.ogg	kenney-ui	CC0 1.0	sfx/kenney_ui-audio/Audio/rollover5.ogg
ui-rollover-06.ogg	kenney-ui	CC0 1.0	sfx/kenney_ui-audio/Audio/rollover6.ogg
ui-scratch-01.ogg	kenney-interface	CC0 1.0	sfx/kenney_interface-sounds/Audio/scratch_001.ogg
ui-scratch-02.ogg	kenney-interface	CC0 1.0	sfx/kenney_interface-sounds/Audio/scratch_002.ogg
ui-scratch-03.ogg	kenney-interface	CC0 1.0	sfx/kenney_interface-sounds/Audio/scratch_003.ogg
ui-scratch-04.ogg	kenney-interface	CC0 1.0	sfx/kenney_interface-sounds/Audio/scratch_004.ogg
ui-scratch-05.ogg	kenney-interface	CC0 1.0	sfx/kenney_interface-sounds/Audio/scratch_005.ogg
ui-scroll-01.ogg	kenney-interface	CC0 1.0	sfx/kenney_interface-sounds/Audio/scroll_001.ogg
ui-scroll-02.ogg	kenney-interface	CC0 1.0	sfx/kenney_interface-sounds/Audio/scroll_002.ogg
ui-scroll-03.ogg	kenney-interface	CC0 1.0	sfx/kenney_interface-sounds/Audio/scroll_003.ogg
ui-scroll-04.ogg	kenney-interface	CC0 1.0	sfx/kenney_interface-sounds/Audio/scroll_004.ogg
ui-scroll-05.ogg	kenney-interface	CC0 1.0	sfx/kenney_interface-sounds/Audio/scroll_005.ogg
ui-select-01.ogg	kenney-interface	CC0 1.0	sfx/kenney_interface-sounds/Audio/select_001.ogg
ui-select-02.ogg	kenney-interface	CC0 1.0	sfx/kenney_interface-sounds/Audio/select_002.ogg
ui-select-03.ogg	kenney-interface	CC0 1.0	sfx/kenney_interface-sounds/Audio/select_003.ogg
ui-select-04.ogg	kenney-interface	CC0 1.0	sfx/kenney_interface-sounds/Audio/select_004.ogg
ui-select-05.ogg	kenney-interface	CC0 1.0	sfx/kenney_interface-sounds/Audio/select_005.ogg
ui-select-06.ogg	kenney-interface	CC0 1.0	sfx/kenney_interface-sounds/Audio/select_006.ogg
ui-select-07.ogg	kenney-interface	CC0 1.0	sfx/kenney_interface-sounds/Audio/select_007.ogg
ui-select-08.ogg	kenney-interface	CC0 1.0	sfx/kenney_interface-sounds/Audio/select_008.ogg
ui-switch-01.ogg	kenney-interface	CC0 1.0	sfx/kenney_interface-sounds/Audio/switch_001.ogg
ui-switch-02.ogg	kenney-interface	CC0 1.0	sfx/kenney_interface-sounds/Audio/switch_002.ogg
ui-switch-03.ogg	kenney-interface	CC0 1.0	sfx/kenney_interface-sounds/Audio/switch_003.ogg
ui-switch-04.ogg	kenney-interface	CC0 1.0	sfx/kenney_interface-sounds/Audio/switch_004.ogg
ui-switch-05.ogg	kenney-interface	CC0 1.0	sfx/kenney_interface-sounds/Audio/switch_005.ogg
ui-switch-06.ogg	kenney-interface	CC0 1.0	sfx/kenney_interface-sounds/Audio/switch_006.ogg
ui-switch-07.ogg	kenney-interface	CC0 1.0	sfx/kenney_interface-sounds/Audio/switch_007.ogg
ui-tick-02.ogg	kenney-interface	CC0 1.0	sfx/kenney_interface-sounds/Audio/tick_002.ogg
ui-tick-03.ogg	kenney-interface	CC0 1.0	sfx/kenney_interface-sounds/Audio/tick_004.ogg
ui-toggle-01.ogg	kenney-interface	CC0 1.0	sfx/kenney_interface-sounds/Audio/toggle_001.ogg
ui-toggle-02.ogg	kenney-interface	CC0 1.0	sfx/kenney_interface-sounds/Audio/toggle_002.ogg
ui-toggle-03.ogg	kenney-interface	CC0 1.0	sfx/kenney_interface-sounds/Audio/toggle_003.ogg
ui-toggle-04.ogg	kenney-interface	CC0 1.0	sfx/kenney_interface-sounds/Audio/toggle_004.ogg
zap-01.ogg	kenney-digital	CC0 1.0	sfx/kenney_digital-audio/Audio/zap1.ogg
zap-02.ogg	kenney-digital	CC0 1.0	sfx/kenney_digital-audio/Audio/zap2.ogg
zap-double-01.ogg	kenney-digital	CC0 1.0	sfx/kenney_digital-audio/Audio/zapTwoTone.ogg
zap-double-02.ogg	kenney-digital	CC0 1.0	sfx/kenney_digital-audio/Audio/zapTwoTone2.ogg
zap-triple-down-01.ogg	kenney-digital	CC0 1.0	sfx/kenney_digital-audio/Audio/zapThreeToneDown.ogg
zap-triple-up-01.ogg	kenney-digital	CC0 1.0	sfx/kenney_digital-audio/Audio/zapThreeToneUp.ogg
blade-swing-01.ogg	oga-rpg	CC0 1.0	https://opengameart.org/content/80-cc0-rpg-sfx blade_01.ogg
blade-swing-02.ogg	oga-rpg	CC0 1.0	https://opengameart.org/content/80-cc0-rpg-sfx blade_02.ogg
blade-swing-03.ogg	oga-rpg	CC0 1.0	https://opengameart.org/content/80-cc0-rpg-sfx blade_03.ogg
book-page-01.ogg	oga-rpg	CC0 1.0	https://opengameart.org/content/80-cc0-rpg-sfx book_01.ogg
book-page-02.ogg	oga-rpg	CC0 1.0	https://opengameart.org/content/80-cc0-rpg-sfx book_02.ogg
book-page-03.ogg	oga-rpg	CC0 1.0	https://opengameart.org/content/80-cc0-rpg-sfx book_03.ogg
book-page-04.ogg	oga-rpg	CC0 1.0	https://opengameart.org/content/80-cc0-rpg-sfx book_04.ogg
chain-rattle-01.ogg	oga-rpg	CC0 1.0	https://opengameart.org/content/80-cc0-rpg-sfx chain_01.ogg
chain-rattle-02.ogg	oga-rpg	CC0 1.0	https://opengameart.org/content/80-cc0-rpg-sfx chain_02.ogg
chain-rattle-03.ogg	oga-rpg	CC0 1.0	https://opengameart.org/content/80-cc0-rpg-sfx chain_03.ogg
creature-die-01.ogg	oga-rpg	CC0 1.0	https://opengameart.org/content/80-cc0-rpg-sfx creature_die_01.ogg
creature-hurt-01.ogg	oga-rpg	CC0 1.0	https://opengameart.org/content/80-cc0-rpg-sfx creature_hurt_01.ogg
creature-hurt-02.ogg	oga-rpg	CC0 1.0	https://opengameart.org/content/80-cc0-rpg-sfx creature_hurt_02.ogg
creature-misc-01.ogg	oga-rpg	CC0 1.0	https://opengameart.org/content/80-cc0-rpg-sfx creature_misc_01.ogg
creature-misc-02.ogg	oga-rpg	CC0 1.0	https://opengameart.org/content/80-cc0-rpg-sfx creature_misc_02.ogg
creature-misc-03.ogg	oga-rpg	CC0 1.0	https://opengameart.org/content/80-cc0-rpg-sfx creature_misc_03.ogg
creature-misc-04.ogg	oga-rpg	CC0 1.0	https://opengameart.org/content/80-cc0-rpg-sfx creature_misc_04.ogg
creature-misc-05.ogg	oga-rpg	CC0 1.0	https://opengameart.org/content/80-cc0-rpg-sfx creature_misc_05.ogg
creature-misc-06.ogg	oga-rpg	CC0 1.0	https://opengameart.org/content/80-cc0-rpg-sfx creature_misc_06.ogg
creature-misc-07.ogg	oga-rpg	CC0 1.0	https://opengameart.org/content/80-cc0-rpg-sfx creature_misc_07.ogg
creature-misc-08.ogg	oga-rpg	CC0 1.0	https://opengameart.org/content/80-cc0-rpg-sfx creature_misc_08.ogg
creature-monster-01.ogg	oga-rpg	CC0 1.0	https://opengameart.org/content/80-cc0-rpg-sfx creature_monster_01.ogg
creature-monster-02.ogg	oga-rpg	CC0 1.0	https://opengameart.org/content/80-cc0-rpg-sfx creature_monster_02.ogg
creature-monster-03.ogg	oga-rpg	CC0 1.0	https://opengameart.org/content/80-cc0-rpg-sfx creature_monster_03.ogg
creature-monster-04.ogg	oga-rpg	CC0 1.0	https://opengameart.org/content/80-cc0-rpg-sfx creature_monster_04.ogg
creature-roar-01.ogg	oga-rpg	CC0 1.0	https://opengameart.org/content/80-cc0-rpg-sfx creature_roar_01.ogg
creature-roar-02.ogg	oga-rpg	CC0 1.0	https://opengameart.org/content/80-cc0-rpg-sfx creature_roar_02.ogg
creature-roar-03.ogg	oga-rpg	CC0 1.0	https://opengameart.org/content/80-cc0-rpg-sfx creature_roar_03.ogg
slime-squelch-01.ogg	oga-rpg	CC0 1.0	https://opengameart.org/content/80-cc0-rpg-sfx creature_slime_01.ogg
slime-squelch-02.ogg	oga-rpg	CC0 1.0	https://opengameart.org/content/80-cc0-rpg-sfx creature_slime_02.ogg
slime-squelch-03.ogg	oga-rpg	CC0 1.0	https://opengameart.org/content/80-cc0-rpg-sfx creature_slime_03.ogg
slime-squelch-04.ogg	oga-rpg	CC0 1.0	https://opengameart.org/content/80-cc0-rpg-sfx creature_slime_04.ogg
coins-drop-01.ogg	oga-rpg	CC0 1.0	https://opengameart.org/content/80-cc0-rpg-sfx item_coins_01.ogg
coins-drop-02.ogg	oga-rpg	CC0 1.0	https://opengameart.org/content/80-cc0-rpg-sfx item_coins_02.ogg
coins-drop-03.ogg	oga-rpg	CC0 1.0	https://opengameart.org/content/80-cc0-rpg-sfx item_coins_03.ogg
coins-drop-04.ogg	oga-rpg	CC0 1.0	https://opengameart.org/content/80-cc0-rpg-sfx item_coins_04.ogg
gem-pickup-01.ogg	oga-rpg	CC0 1.0	https://opengameart.org/content/80-cc0-rpg-sfx item_gem_01.ogg
gem-pickup-02.ogg	oga-rpg	CC0 1.0	https://opengameart.org/content/80-cc0-rpg-sfx item_gem_02.ogg
gem-pickup-03.ogg	oga-rpg	CC0 1.0	https://opengameart.org/content/80-cc0-rpg-sfx item_gem_03.ogg
gem-pickup-04.ogg	oga-rpg	CC0 1.0	https://opengameart.org/content/80-cc0-rpg-sfx item_gem_04.ogg
item-pickup-01.ogg	oga-rpg	CC0 1.0	https://opengameart.org/content/80-cc0-rpg-sfx item_misc_01.ogg
item-pickup-02.ogg	oga-rpg	CC0 1.0	https://opengameart.org/content/80-cc0-rpg-sfx item_misc_02.ogg
item-pickup-03.ogg	oga-rpg	CC0 1.0	https://opengameart.org/content/80-cc0-rpg-sfx item_misc_03.ogg
item-pickup-04.ogg	oga-rpg	CC0 1.0	https://opengameart.org/content/80-cc0-rpg-sfx item_misc_04.ogg
item-pickup-05.ogg	oga-rpg	CC0 1.0	https://opengameart.org/content/80-cc0-rpg-sfx item_misc_05.ogg
item-pickup-06.ogg	oga-rpg	CC0 1.0	https://opengameart.org/content/80-cc0-rpg-sfx item_misc_06.ogg
stone-drop-01.ogg	oga-rpg	CC0 1.0	https://opengameart.org/content/80-cc0-rpg-sfx item_stone_01.ogg
stone-drop-02.ogg	oga-rpg	CC0 1.0	https://opengameart.org/content/80-cc0-rpg-sfx item_stone_02.ogg
stone-drop-03.ogg	oga-rpg	CC0 1.0	https://opengameart.org/content/80-cc0-rpg-sfx item_stone_03.ogg
stone-drop-04.ogg	oga-rpg	CC0 1.0	https://opengameart.org/content/80-cc0-rpg-sfx item_stone_04.ogg
wood-drop-01.ogg	oga-rpg	CC0 1.0	https://opengameart.org/content/80-cc0-rpg-sfx item_wood_01.ogg
wood-drop-02.ogg	oga-rpg	CC0 1.0	https://opengameart.org/content/80-cc0-rpg-sfx item_wood_02.ogg
wood-drop-03.ogg	oga-rpg	CC0 1.0	https://opengameart.org/content/80-cc0-rpg-sfx item_wood_03.ogg
lock-click-01.ogg	oga-rpg	CC0 1.0	https://opengameart.org/content/80-cc0-rpg-sfx lock_01.ogg
lock-click-02.ogg	oga-rpg	CC0 1.0	https://opengameart.org/content/80-cc0-rpg-sfx lock_02.ogg
lock-click-03.ogg	oga-rpg	CC0 1.0	https://opengameart.org/content/80-cc0-rpg-sfx lock_03.ogg
metal-clang-01.ogg	oga-rpg	CC0 1.0	https://opengameart.org/content/80-cc0-rpg-sfx metal_01.ogg
metal-clang-02.ogg	oga-rpg	CC0 1.0	https://opengameart.org/content/80-cc0-rpg-sfx metal_02.ogg
metal-clang-03.ogg	oga-rpg	CC0 1.0	https://opengameart.org/content/80-cc0-rpg-sfx metal_03.ogg
item-misc-01.ogg	oga-rpg	CC0 1.0	https://opengameart.org/content/80-cc0-rpg-sfx misc_01.ogg
item-misc-02.ogg	oga-rpg	CC0 1.0	https://opengameart.org/content/80-cc0-rpg-sfx misc_02.ogg
item-misc-03.ogg	oga-rpg	CC0 1.0	https://opengameart.org/content/80-cc0-rpg-sfx misc_03.ogg
magic-spell-01.ogg	oga-rpg	CC0 1.0	https://opengameart.org/content/80-cc0-rpg-sfx spell_01.ogg
magic-spell-02.ogg	oga-rpg	CC0 1.0	https://opengameart.org/content/80-cc0-rpg-sfx spell_02.ogg
fire-spell-01.ogg	oga-rpg	CC0 1.0	https://opengameart.org/content/80-cc0-rpg-sfx spell_fire_01.ogg
fire-spell-02.ogg	oga-rpg	CC0 1.0	https://opengameart.org/content/80-cc0-rpg-sfx spell_fire_02.ogg
fire-spell-03.ogg	oga-rpg	CC0 1.0	https://opengameart.org/content/80-cc0-rpg-sfx spell_fire_03.ogg
fire-spell-04.ogg	oga-rpg	CC0 1.0	https://opengameart.org/content/80-cc0-rpg-sfx spell_fire_04.ogg
fire-spell-05.ogg	oga-rpg	CC0 1.0	https://opengameart.org/content/80-cc0-rpg-sfx spell_fire_05.ogg
fire-spell-06.ogg	oga-rpg	CC0 1.0	https://opengameart.org/content/80-cc0-rpg-sfx spell_fire_06.ogg
fire-spell-07.ogg	oga-rpg	CC0 1.0	https://opengameart.org/content/80-cc0-rpg-sfx spell_fire_07.ogg
stone-rumble-01.ogg	oga-rpg	CC0 1.0	https://opengameart.org/content/80-cc0-rpg-sfx stones_01.ogg
stone-rumble-02.ogg	oga-rpg	CC0 1.0	https://opengameart.org/content/80-cc0-rpg-sfx stones_02.ogg
stone-rumble-03.ogg	oga-rpg	CC0 1.0	https://opengameart.org/content/80-cc0-rpg-sfx stones_03.ogg
stone-rumble-04.ogg	oga-rpg	CC0 1.0	https://opengameart.org/content/80-cc0-rpg-sfx stones_04.ogg
wood-thud-01.ogg	oga-rpg	CC0 1.0	https://opengameart.org/content/80-cc0-rpg-sfx wood_01.ogg
wood-thud-02.ogg	oga-rpg	CC0 1.0	https://opengameart.org/content/80-cc0-rpg-sfx wood_02.ogg
wood-thud-03.ogg	oga-rpg	CC0 1.0	https://opengameart.org/content/80-cc0-rpg-sfx wood_03.ogg
wood-thud-04.ogg	oga-rpg	CC0 1.0	https://opengameart.org/content/80-cc0-rpg-sfx wood_04.ogg
wood-thud-05.ogg	oga-rpg	CC0 1.0	https://opengameart.org/content/80-cc0-rpg-sfx wood_05.ogg
creature-alien-01.ogg	oga-creature	CC0 1.0	https://opengameart.org/content/80-cc0-creature-sfx alien_01.ogg
creature-alien-02.ogg	oga-creature	CC0 1.0	https://opengameart.org/content/80-cc0-creature-sfx alien_02.ogg
creature-alien-03.ogg	oga-creature	CC0 1.0	https://opengameart.org/content/80-cc0-creature-sfx alien_03.ogg
creature-alien-04.ogg	oga-creature	CC0 1.0	https://opengameart.org/content/80-cc0-creature-sfx alien_04.ogg
creature-alien-05.ogg	oga-creature	CC0 1.0	https://opengameart.org/content/80-cc0-creature-sfx alien_05.ogg
creature-alien-06.ogg	oga-creature	CC0 1.0	https://opengameart.org/content/80-cc0-creature-sfx alien_06.ogg
creature-bark-01.ogg	oga-creature	CC0 1.0	https://opengameart.org/content/80-cc0-creature-sfx barking_01.ogg
creature-bark-02.ogg	oga-creature	CC0 1.0	https://opengameart.org/content/80-cc0-creature-sfx barking_02.ogg
creature-breath-01.ogg	oga-creature	CC0 1.0	https://opengameart.org/content/80-cc0-creature-sfx breath.ogg
creature-bug-01.ogg	oga-creature	CC0 1.0	https://opengameart.org/content/80-cc0-creature-sfx bug_01.ogg
creature-bug-02.ogg	oga-creature	CC0 1.0	https://opengameart.org/content/80-cc0-creature-sfx bug_02.ogg
creature-bug-03.ogg	oga-creature	CC0 1.0	https://opengameart.org/content/80-cc0-creature-sfx bug_03.ogg
creature-bug-04.ogg	oga-creature	CC0 1.0	https://opengameart.org/content/80-cc0-creature-sfx bug_04.ogg
creature-burble-01.ogg	oga-creature	CC0 1.0	https://opengameart.org/content/80-cc0-creature-sfx burble_01.ogg
creature-burble-02.ogg	oga-creature	CC0 1.0	https://opengameart.org/content/80-cc0-creature-sfx burble_02.ogg
creature-burp-01.ogg	oga-creature	CC0 1.0	https://opengameart.org/content/80-cc0-creature-sfx burp_01.ogg
creature-burp-02.ogg	oga-creature	CC0 1.0	https://opengameart.org/content/80-cc0-creature-sfx burp_02.ogg
creature-cute-01.ogg	oga-creature	CC0 1.0	https://opengameart.org/content/80-cc0-creature-sfx cute_01.ogg
creature-cute-02.ogg	oga-creature	CC0 1.0	https://opengameart.org/content/80-cc0-creature-sfx cute_02.ogg
creature-cute-03.ogg	oga-creature	CC0 1.0	https://opengameart.org/content/80-cc0-creature-sfx cute_03.ogg
creature-cute-04.ogg	oga-creature	CC0 1.0	https://opengameart.org/content/80-cc0-creature-sfx cute_04.ogg
creature-cute-05.ogg	oga-creature	CC0 1.0	https://opengameart.org/content/80-cc0-creature-sfx cute_05.ogg
creature-cute-06.ogg	oga-creature	CC0 1.0	https://opengameart.org/content/80-cc0-creature-sfx cute_06.ogg
creature-cute-07.ogg	oga-creature	CC0 1.0	https://opengameart.org/content/80-cc0-creature-sfx cute_07.ogg
creature-cute-08.ogg	oga-creature	CC0 1.0	https://opengameart.org/content/80-cc0-creature-sfx cute_08.ogg
creature-cute-09.ogg	oga-creature	CC0 1.0	https://opengameart.org/content/80-cc0-creature-sfx cute_09.ogg
creature-cute-10.ogg	oga-creature	CC0 1.0	https://opengameart.org/content/80-cc0-creature-sfx cute_10.ogg
creature-eat-01.ogg	oga-creature	CC0 1.0	https://opengameart.org/content/80-cc0-creature-sfx eat_01.ogg
creature-eat-02.ogg	oga-creature	CC0 1.0	https://opengameart.org/content/80-cc0-creature-sfx eat_02.ogg
creature-eat-03.ogg	oga-creature	CC0 1.0	https://opengameart.org/content/80-cc0-creature-sfx eat_03.ogg
creature-eat-04.ogg	oga-creature	CC0 1.0	https://opengameart.org/content/80-cc0-creature-sfx eat_04.ogg
creature-grunt-01.ogg	oga-creature	CC0 1.0	https://opengameart.org/content/80-cc0-creature-sfx grunt_01.ogg
creature-grunt-02.ogg	oga-creature	CC0 1.0	https://opengameart.org/content/80-cc0-creature-sfx grunt_02.ogg
creature-grunt-03.ogg	oga-creature	CC0 1.0	https://opengameart.org/content/80-cc0-creature-sfx grunt_03.ogg
creature-grunt-04.ogg	oga-creature	CC0 1.0	https://opengameart.org/content/80-cc0-creature-sfx grunt_04.ogg
creature-grunt-05.ogg	oga-creature	CC0 1.0	https://opengameart.org/content/80-cc0-creature-sfx grunt_05.ogg
creature-howl-01.ogg	oga-creature	CC0 1.0	https://opengameart.org/content/80-cc0-creature-sfx howl.ogg
creature-pain-01.ogg	oga-creature	CC0 1.0	https://opengameart.org/content/80-cc0-creature-sfx hurt_01.ogg
creature-pain-02.ogg	oga-creature	CC0 1.0	https://opengameart.org/content/80-cc0-creature-sfx hurt_02.ogg
creature-pain-03.ogg	oga-creature	CC0 1.0	https://opengameart.org/content/80-cc0-creature-sfx hurt_03.ogg
creature-pain-04.ogg	oga-creature	CC0 1.0	https://opengameart.org/content/80-cc0-creature-sfx hurt_04.ogg
creature-pain-05.ogg	oga-creature	CC0 1.0	https://opengameart.org/content/80-cc0-creature-sfx hurt_05.ogg
creature-odd-01.ogg	oga-creature	CC0 1.0	https://opengameart.org/content/80-cc0-creature-sfx misc_01.ogg
creature-odd-02.ogg	oga-creature	CC0 1.0	https://opengameart.org/content/80-cc0-creature-sfx misc_02.ogg
creature-odd-03.ogg	oga-creature	CC0 1.0	https://opengameart.org/content/80-cc0-creature-sfx misc_03.ogg
creature-odd-04.ogg	oga-creature	CC0 1.0	https://opengameart.org/content/80-cc0-creature-sfx misc_04.ogg
creature-odd-05.ogg	oga-creature	CC0 1.0	https://opengameart.org/content/80-cc0-creature-sfx misc_05.ogg
creature-odd-06.ogg	oga-creature	CC0 1.0	https://opengameart.org/content/80-cc0-creature-sfx misc_06.ogg
creature-odd-07.ogg	oga-creature	CC0 1.0	https://opengameart.org/content/80-cc0-creature-sfx misc_07.ogg
creature-odd-08.ogg	oga-creature	CC0 1.0	https://opengameart.org/content/80-cc0-creature-sfx misc_08.ogg
creature-odd-09.ogg	oga-creature	CC0 1.0	https://opengameart.org/content/80-cc0-creature-sfx misc_09.ogg
creature-beast-01.ogg	oga-creature	CC0 1.0	https://opengameart.org/content/80-cc0-creature-sfx monster_01.ogg
creature-beast-02.ogg	oga-creature	CC0 1.0	https://opengameart.org/content/80-cc0-creature-sfx monster_02.ogg
creature-beast-03.ogg	oga-creature	CC0 1.0	https://opengameart.org/content/80-cc0-creature-sfx monster_03.ogg
creature-beast-04.ogg	oga-creature	CC0 1.0	https://opengameart.org/content/80-cc0-creature-sfx monster_04.ogg
creature-beast-05.ogg	oga-creature	CC0 1.0	https://opengameart.org/content/80-cc0-creature-sfx monster_05.ogg
creature-beast-06.ogg	oga-creature	CC0 1.0	https://opengameart.org/content/80-cc0-creature-sfx monster_06.ogg
creature-beast-07.ogg	oga-creature	CC0 1.0	https://opengameart.org/content/80-cc0-creature-sfx monster_07.ogg
creature-ooh-01.ogg	oga-creature	CC0 1.0	https://opengameart.org/content/80-cc0-creature-sfx ooh.ogg
creature-growl-01.ogg	oga-creature	CC0 1.0	https://opengameart.org/content/80-cc0-creature-sfx roar_01.ogg
creature-growl-02.ogg	oga-creature	CC0 1.0	https://opengameart.org/content/80-cc0-creature-sfx roar_02.ogg
creature-growl-03.ogg	oga-creature	CC0 1.0	https://opengameart.org/content/80-cc0-creature-sfx roar_03.ogg
creature-scream-01.ogg	oga-creature	CC0 1.0	https://opengameart.org/content/80-cc0-creature-sfx scream_01.ogg
creature-scream-02.ogg	oga-creature	CC0 1.0	https://opengameart.org/content/80-cc0-creature-sfx scream_02.ogg
creature-spit-01.ogg	oga-creature	CC0 1.0	https://opengameart.org/content/80-cc0-creature-sfx spit_01.ogg
creature-spit-02.ogg	oga-creature	CC0 1.0	https://opengameart.org/content/80-cc0-creature-sfx spit_02.ogg
creature-spit-03.ogg	oga-creature	CC0 1.0	https://opengameart.org/content/80-cc0-creature-sfx spit_03.ogg
creature-troll-01.ogg	oga-creature	CC0 1.0	https://opengameart.org/content/80-cc0-creature-sfx troll_01.ogg
creature-troll-02.ogg	oga-creature	CC0 1.0	https://opengameart.org/content/80-cc0-creature-sfx troll_02.ogg
creature-troll-03.ogg	oga-creature	CC0 1.0	https://opengameart.org/content/80-cc0-creature-sfx troll_03.ogg
creature-weird-01.ogg	oga-creature	CC0 1.0	https://opengameart.org/content/80-cc0-creature-sfx weird_01.ogg
creature-weird-02.ogg	oga-creature	CC0 1.0	https://opengameart.org/content/80-cc0-creature-sfx weird_02.ogg
creature-weird-03.ogg	oga-creature	CC0 1.0	https://opengameart.org/content/80-cc0-creature-sfx weird_03.ogg
creature-weird-04.ogg	oga-creature	CC0 1.0	https://opengameart.org/content/80-cc0-creature-sfx weird_04.ogg
creature-weird-05.ogg	oga-creature	CC0 1.0	https://opengameart.org/content/80-cc0-creature-sfx weird_05.ogg
coins-jingle-01.ogg	oga-coins	CC0 1.0	https://opengameart.org/content/12-coin-sound-effects coin.1.ogg
coins-jingle-02.ogg	oga-coins	CC0 1.0	https://opengameart.org/content/12-coin-sound-effects coin.2.ogg
coins-jingle-03.ogg	oga-coins	CC0 1.0	https://opengameart.org/content/12-coin-sound-effects coin.3.ogg
coins-jingle-04.ogg	oga-coins	CC0 1.0	https://opengameart.org/content/12-coin-sound-effects coin.4.ogg
coins-jingle-05.ogg	oga-coins	CC0 1.0	https://opengameart.org/content/12-coin-sound-effects coin.5.ogg
coins-jingle-06.ogg	oga-coins	CC0 1.0	https://opengameart.org/content/12-coin-sound-effects coin.6.ogg
coins-jingle-07.ogg	oga-coins	CC0 1.0	https://opengameart.org/content/12-coin-sound-effects coin.7.ogg
coins-jingle-08.ogg	oga-coins	CC0 1.0	https://opengameart.org/content/12-coin-sound-effects coin.8.ogg
coins-jingle-09.ogg	oga-coins	CC0 1.0	https://opengameart.org/content/12-coin-sound-effects coin.9.ogg
coins-jingle-10.ogg	oga-coins	CC0 1.0	https://opengameart.org/content/12-coin-sound-effects coin.10.ogg
coins-jingle-11.ogg	oga-coins	CC0 1.0	https://opengameart.org/content/12-coin-sound-effects coin.11.ogg
coins-jingle-12.ogg	oga-coins	CC0 1.0	https://opengameart.org/content/12-coin-sound-effects coin.12.ogg
whoosh-swish-01.mp3	oga-swishes	CC0 1.0	https://opengameart.org/content/swishes-sound-pack swish-1.wav
whoosh-swish-02.mp3	oga-swishes	CC0 1.0	https://opengameart.org/content/swishes-sound-pack swish-2.wav
whoosh-swish-03.mp3	oga-swishes	CC0 1.0	https://opengameart.org/content/swishes-sound-pack swish-3.wav
whoosh-swish-04.mp3	oga-swishes	CC0 1.0	https://opengameart.org/content/swishes-sound-pack swish-4.wav
whoosh-swish-05.mp3	oga-swishes	CC0 1.0	https://opengameart.org/content/swishes-sound-pack swish-5.wav
whoosh-swish-06.mp3	oga-swishes	CC0 1.0	https://opengameart.org/content/swishes-sound-pack swish-6.wav
whoosh-swish-07.mp3	oga-swishes	CC0 1.0	https://opengameart.org/content/swishes-sound-pack swish-7.wav
whoosh-swish-08.mp3	oga-swishes	CC0 1.0	https://opengameart.org/content/swishes-sound-pack swish-8.wav
whoosh-swish-09.mp3	oga-swishes	CC0 1.0	https://opengameart.org/content/swishes-sound-pack swish-9.wav
whoosh-swish-10.mp3	oga-swishes	CC0 1.0	https://opengameart.org/content/swishes-sound-pack swish-10.wav
whoosh-swish-11.mp3	oga-swishes	CC0 1.0	https://opengameart.org/content/swishes-sound-pack swish-11.wav
whoosh-swish-12.mp3	oga-swishes	CC0 1.0	https://opengameart.org/content/swishes-sound-pack swish-12.wav
whoosh-swish-13.mp3	oga-swishes	CC0 1.0	https://opengameart.org/content/swishes-sound-pack swish-13.wav
bell-hand-01.ogg	oga-100	CC0 1.0	https://opengameart.org/content/100-cc0-sfx bell_01.ogg
bell-hand-02.ogg	oga-100	CC0 1.0	https://opengameart.org/content/100-cc0-sfx bell_02.ogg
bell-hand-03.ogg	oga-100	CC0 1.0	https://opengameart.org/content/100-cc0-sfx bell_03.ogg
door-knock-01.ogg	oga-100	CC0 1.0	https://opengameart.org/content/100-cc0-sfx door_01.ogg
door-knock-02.ogg	oga-100	CC0 1.0	https://opengameart.org/content/100-cc0-sfx door_02.ogg
door-shut-01.ogg	oga-100	CC0 1.0	https://opengameart.org/content/100-cc0-sfx door_close_01.ogg
door-shut-02.ogg	oga-100	CC0 1.0	https://opengameart.org/content/100-cc0-sfx door_close_02.ogg
door-shut-03.ogg	oga-100	CC0 1.0	https://opengameart.org/content/100-cc0-sfx door_close_03.ogg
door-shut-04.ogg	oga-100	CC0 1.0	https://opengameart.org/content/100-cc0-sfx door_close_04.ogg
door-swing-01.ogg	oga-100	CC0 1.0	https://opengameart.org/content/100-cc0-sfx door_open.ogg
explosion-boom-01.ogg	oga-100	CC0 1.0	https://opengameart.org/content/100-cc0-sfx explosion.ogg
glass-clink-01.ogg	oga-100	CC0 1.0	https://opengameart.org/content/100-cc0-sfx glass_01.ogg
glass-clink-02.ogg	oga-100	CC0 1.0	https://opengameart.org/content/100-cc0-sfx glass_02.ogg
glass-clink-03.ogg	oga-100	CC0 1.0	https://opengameart.org/content/100-cc0-sfx glass_03.ogg
glass-clink-04.ogg	oga-100	CC0 1.0	https://opengameart.org/content/100-cc0-sfx glass_04.ogg
glass-clink-05.ogg	oga-100	CC0 1.0	https://opengameart.org/content/100-cc0-sfx glass_05.ogg
gong-hit-01.ogg	oga-100	CC0 1.0	https://opengameart.org/content/100-cc0-sfx gong_01.ogg
gong-hit-02.ogg	oga-100	CC0 1.0	https://opengameart.org/content/100-cc0-sfx gong_02.ogg
hit-thud-01.ogg	oga-100	CC0 1.0	https://opengameart.org/content/100-cc0-sfx hit_01.ogg
hit-thud-02.ogg	oga-100	CC0 1.0	https://opengameart.org/content/100-cc0-sfx hit_02.ogg
hit-thud-03.ogg	oga-100	CC0 1.0	https://opengameart.org/content/100-cc0-sfx hit_03.ogg
hit-thud-04.ogg	oga-100	CC0 1.0	https://opengameart.org/content/100-cc0-sfx hit_04.ogg
key-turn-01.ogg	oga-100	CC0 1.0	https://opengameart.org/content/100-cc0-sfx key_open_01.ogg
key-turn-02.ogg	oga-100	CC0 1.0	https://opengameart.org/content/100-cc0-sfx key_open_02.ogg
metal-clank-01.ogg	oga-100	CC0 1.0	https://opengameart.org/content/100-cc0-sfx metal_01.ogg
metal-clank-02.ogg	oga-100	CC0 1.0	https://opengameart.org/content/100-cc0-sfx metal_02.ogg
metal-clank-03.ogg	oga-100	CC0 1.0	https://opengameart.org/content/100-cc0-sfx metal_03.ogg
metal-clank-04.ogg	oga-100	CC0 1.0	https://opengameart.org/content/100-cc0-sfx metal_04.ogg
metal-clank-05.ogg	oga-100	CC0 1.0	https://opengameart.org/content/100-cc0-sfx metal_05.ogg
metal-clank-06.ogg	oga-100	CC0 1.0	https://opengameart.org/content/100-cc0-sfx metal_06.ogg
metal-clank-07.ogg	oga-100	CC0 1.0	https://opengameart.org/content/100-cc0-sfx metal_07.ogg
metal-clank-08.ogg	oga-100	CC0 1.0	https://opengameart.org/content/100-cc0-sfx metal_08.ogg
metal-clank-09.ogg	oga-100	CC0 1.0	https://opengameart.org/content/100-cc0-sfx metal_09.ogg
metal-clank-10.ogg	oga-100	CC0 1.0	https://opengameart.org/content/100-cc0-sfx metal_10.ogg
metal-clank-11.ogg	oga-100	CC0 1.0	https://opengameart.org/content/100-cc0-sfx metal_11.ogg
metal-clank-12.ogg	oga-100	CC0 1.0	https://opengameart.org/content/100-cc0-sfx metal_12.ogg
paper-rustle-01.ogg	oga-100	CC0 1.0	https://opengameart.org/content/100-cc0-sfx paper_01.ogg
paper-rustle-02.ogg	oga-100	CC0 1.0	https://opengameart.org/content/100-cc0-sfx paper_02.ogg
paper-rustle-03.ogg	oga-100	CC0 1.0	https://opengameart.org/content/100-cc0-sfx paper_03.ogg
paper-rustle-04.ogg	oga-100	CC0 1.0	https://opengameart.org/content/100-cc0-sfx paper_04.ogg
pop-plop-01.ogg	oga-100	CC0 1.0	https://opengameart.org/content/100-cc0-sfx plop_01.ogg
pop-plop-02.ogg	oga-100	CC0 1.0	https://opengameart.org/content/100-cc0-sfx plop_02.ogg
pot-bang-01.ogg	oga-100	CC0 1.0	https://opengameart.org/content/100-cc0-sfx pot_01.ogg
pot-bang-02.ogg	oga-100	CC0 1.0	https://opengameart.org/content/100-cc0-sfx pot_02.ogg
shoot-gun-01.ogg	oga-100	CC0 1.0	https://opengameart.org/content/100-cc0-sfx shot_01.ogg
shoot-gun-02.ogg	oga-100	CC0 1.0	https://opengameart.org/content/100-cc0-sfx shot_02.ogg
impact-slam-01.ogg	oga-100	CC0 1.0	https://opengameart.org/content/100-cc0-sfx slam_01.ogg
impact-slam-02.ogg	oga-100	CC0 1.0	https://opengameart.org/content/100-cc0-sfx slam_02.ogg
impact-slam-03.ogg	oga-100	CC0 1.0	https://opengameart.org/content/100-cc0-sfx slam_03.ogg
impact-slam-04.ogg	oga-100	CC0 1.0	https://opengameart.org/content/100-cc0-sfx slam_04.ogg
impact-slam-05.ogg	oga-100	CC0 1.0	https://opengameart.org/content/100-cc0-sfx slam_05.ogg
impact-slam-06.ogg	oga-100	CC0 1.0	https://opengameart.org/content/100-cc0-sfx slam_06.ogg
impact-slam-07.ogg	oga-100	CC0 1.0	https://opengameart.org/content/100-cc0-sfx slam_07.ogg
water-splash-01.ogg	oga-100	CC0 1.0	https://opengameart.org/content/100-cc0-sfx splash_01.ogg
water-splash-02.ogg	oga-100	CC0 1.0	https://opengameart.org/content/100-cc0-sfx splash_02.ogg
spring-boing-01.ogg	oga-100	CC0 1.0	https://opengameart.org/content/100-cc0-sfx spring_01.ogg
spring-boing-02.ogg	oga-100	CC0 1.0	https://opengameart.org/content/100-cc0-sfx spring_02.ogg
spring-boing-03.ogg	oga-100	CC0 1.0	https://opengameart.org/content/100-cc0-sfx spring_03.ogg
spring-boing-04.ogg	oga-100	CC0 1.0	https://opengameart.org/content/100-cc0-sfx spring_04.ogg
spring-boing-05.ogg	oga-100	CC0 1.0	https://opengameart.org/content/100-cc0-sfx spring_05.ogg
spring-boing-06.ogg	oga-100	CC0 1.0	https://opengameart.org/content/100-cc0-sfx spring_06.ogg
spring-boing-07.ogg	oga-100	CC0 1.0	https://opengameart.org/content/100-cc0-sfx spring_07.ogg
spring-boing-08.ogg	oga-100	CC0 1.0	https://opengameart.org/content/100-cc0-sfx spring_08.ogg
spring-boing-09.ogg	oga-100	CC0 1.0	https://opengameart.org/content/100-cc0-sfx spring_09.ogg
switch-flick-01.ogg	oga-100	CC0 1.0	https://opengameart.org/content/100-cc0-sfx switch_01.ogg
switch-flick-02.ogg	oga-100	CC0 1.0	https://opengameart.org/content/100-cc0-sfx switch_02.ogg
tools-clank-01.ogg	oga-100	CC0 1.0	https://opengameart.org/content/100-cc0-sfx tools_01.ogg
tools-clank-02.ogg	oga-100	CC0 1.0	https://opengameart.org/content/100-cc0-sfx tools_02.ogg
tools-clank-03.ogg	oga-100	CC0 1.0	https://opengameart.org/content/100-cc0-sfx tools_03.ogg
tools-clank-04.ogg	oga-100	CC0 1.0	https://opengameart.org/content/100-cc0-sfx tools_04.ogg
tools-clank-05.ogg	oga-100	CC0 1.0	https://opengameart.org/content/100-cc0-sfx tools_05.ogg
wood-box-open-01.ogg	oga-100	CC0 1.0	https://opengameart.org/content/100-cc0-sfx wooded_box_open.ogg
wood-knock-01.ogg	oga-100	CC0 1.0	https://opengameart.org/content/100-cc0-sfx wooden_01.ogg
wood-knock-02.ogg	oga-100	CC0 1.0	https://opengameart.org/content/100-cc0-sfx wooden_02.ogg
wood-knock-03.ogg	oga-100	CC0 1.0	https://opengameart.org/content/100-cc0-sfx wooden_03.ogg
mech-clank-01.mp3	oga-mechanical	CC0 1.0	https://opengameart.org/content/mechanical-sounds clank1.wav
mech-clunk-01.mp3	oga-mechanical	CC0 1.0	https://opengameart.org/content/mechanical-sounds lightclunk1.wav
mech-clunk-02.mp3	oga-mechanical	CC0 1.0	https://opengameart.org/content/mechanical-sounds lightclunk2.wav
mech-gear-01.mp3	oga-mechanical	CC0 1.0	https://opengameart.org/content/mechanical-sounds mechanical1.wav
mech-gear-02.mp3	oga-mechanical	CC0 1.0	https://opengameart.org/content/mechanical-sounds mechanical2.wav
mech-rattle-01.mp3	oga-mechanical	CC0 1.0	https://opengameart.org/content/mechanical-sounds rattle1.wav
mech-click-squeaky-01.mp3	oga-mechanical	CC0 1.0	https://opengameart.org/content/mechanical-sounds squeakyclick1.wav
mech-click-squeaky-02.mp3	oga-mechanical	CC0 1.0	https://opengameart.org/content/mechanical-sounds squeakyclick2.wav
mech-typewriter-01.mp3	oga-mechanical	CC0 1.0	https://opengameart.org/content/mechanical-sounds typewriter.wav
clock-tick-01.ogg	oga-clock	CC0 1.0	https://opengameart.org/content/ticking-clock-0 clock-1.ogg
electric-charge-01.mp3	oga-electricity	CC0 1.0	https://opengameart.org/content/electricity-game-sound-pack charge.wav
electric-charge-start-01.mp3	oga-electricity	CC0 1.0	https://opengameart.org/content/electricity-game-sound-pack chargestart.wav
loop-electric-crackle-01.mp3	oga-electricity	CC0 1.0	https://opengameart.org/content/electricity-game-sound-pack crackleelectricityloop.wav
electric-death-01.mp3	oga-electricity	CC0 1.0	https://opengameart.org/content/electricity-game-sound-pack death_1.wav
electric-boom-01.mp3	oga-electricity	CC0 1.0	https://opengameart.org/content/electricity-game-sound-pack deathboom.wav
electric-ground-hit-01.mp3	oga-electricity	CC0 1.0	https://opengameart.org/content/electricity-game-sound-pack groundhit.wav
electric-hit-01.mp3	oga-electricity	CC0 1.0	https://opengameart.org/content/electricity-game-sound-pack hit.wav
electric-kill-01.mp3	oga-electricity	CC0 1.0	https://opengameart.org/content/electricity-game-sound-pack killconfirmed.wav
electric-power-down-01.mp3	oga-electricity	CC0 1.0	https://opengameart.org/content/electricity-game-sound-pack powerdown.wav
electric-power-up-01.mp3	oga-electricity	CC0 1.0	https://opengameart.org/content/electricity-game-sound-pack powerup.wav
electric-recharge-01.mp3	oga-electricity	CC0 1.0	https://opengameart.org/content/electricity-game-sound-pack recharge.wav
electric-shield-hit-01.mp3	oga-electricity	CC0 1.0	https://opengameart.org/content/electricity-game-sound-pack shieldhit.wav
loop-electric-shield-01.mp3	oga-electricity	CC0 1.0	https://opengameart.org/content/electricity-game-sound-pack shieldloop.wav
loop-electric-snap-01.mp3	oga-electricity	CC0 1.0	https://opengameart.org/content/electricity-game-sound-pack snaploop.wav
electric-teleport-01.mp3	oga-electricity	CC0 1.0	https://opengameart.org/content/electricity-game-sound-pack teleport_1.wav
electric-turbo-01.mp3	oga-electricity	CC0 1.0	https://opengameart.org/content/electricity-game-sound-pack turbo.wav
loop-fire-crackle-01.mp3	oga-fire	CC0 1.0	https://opengameart.org/content/fire-crackling fire-1.wav
fire-ignite-01.ogg	oga-fire	CC0 1.0	https://opengameart.org/content/catching-fire flame.ogg
crowd-applause-01.ogg	oga-well-done	CC0 1.0	https://opengameart.org/content/well-done welldone.ogg
marimba-plink-01.mp3	vcsl	CC0 1.0	https://github.com/sgossner/VCSL built from VCSL Marimba Outrigger F5 med, lowered to C#6
marimba-taps-01.mp3	vcsl	CC0 1.0	https://github.com/sgossner/VCSL built from VCSL Marimba Outrigger G4 med: three taps on F#5
marimba-error-01.mp3	vcsl	CC0 1.0	https://github.com/sgossner/VCSL built from VCSL Marimba Outrigger C2 loud: E3 then D3
marimba-error-02.mp3	vcsl	CC0 1.0	https://github.com/sgossner/VCSL built from VCSL Marimba Outrigger G2 med: G#3 then F#3
marimba-error-03.mp3	vcsl	CC0 1.0	https://github.com/sgossner/VCSL built from VCSL Marimba Outrigger B2 soft: D4 then A#3
glock-ping-01.mp3	vcsl	CC0 1.0	https://github.com/sgossner/VCSL built from VCSL Glockenspiel medium C6, lowered to B6
glock-ping-02.mp3	vcsl	CC0 1.0	https://github.com/sgossner/VCSL built from VCSL Glockenspiel soft C6: D7 then F#7
glock-two-tone-01.mp3	vcsl	CC0 1.0	https://github.com/sgossner/VCSL built from VCSL Glockenspiel medium G4 and C5: E5 then E6
glock-chord-01.mp3	vcsl	CC0 1.0	https://github.com/sgossner/VCSL built from VCSL Glockenspiel medium G4 and C5: E6, then G5 B5 D6 together
vibe-arpeggio-01.mp3	vcsl	CC0 1.0	https://github.com/sgossner/VCSL built from VCSL Vibraphone hard mallets: F3 C4 A4 C5 E5 arpeggio
glock-glissando-up-01.mp3	vsco2ce	CC0 1.0	https://github.com/sgossner/VSCO-2-CE cut from VSCO 2 CE glock_fx_up_pentatonic_med_01
harp-run-up-01.mp3	vcsl	CC0 1.0	https://github.com/sgossner/VCSL built from VCSL Concert Harp mf: C4 D4 G4 C5 D5 G5 C6 run
harp-roll-up-01.mp3	vcsl	CC0 1.0	https://github.com/sgossner/VCSL built from VCSL Concert Harp mf: E major roll E3 to E5
harp-success-01.mp3	vcsl	CC0 1.0	https://github.com/sgossner/VCSL built from VCSL Concert Harp mf (A3 B3 E4 A4 B4 E5) over VSCO 2 CE vibraring3
whistle-rise-01.mp3	oga-up-3x	CC0 1.0	https://opengameart.org/content/up-3x built from qubodup Up (3x) upshort.wav, raised ten semitones
chime-confirm-01.mp3	oga-chimey-ui	CC0 1.0	https://opengameart.org/content/chimey-ui-sounds Chime_Confirm.mp3
chime-cancel-01.mp3	oga-chimey-ui	CC0 1.0	https://opengameart.org/content/chimey-ui-sounds Chime_Cancel.mp3
chime-load-01.mp3	oga-chimey-ui	CC0 1.0	https://opengameart.org/content/chimey-ui-sounds Chime_Load.mp3
chime-levelup-01.mp3	oga-chimey-ui	CC0 1.0	https://opengameart.org/content/chimey-ui-sounds Chime_LevelUp.mp3
chime-sleep-01.mp3	oga-chimey-ui	CC0 1.0	https://opengameart.org/content/chimey-ui-sounds Chime_Sleep.mp3
chime-save-01.mp3	oga-chimey-ui	CC0 1.0	https://opengameart.org/content/chimey-ui-sounds Chime_Save.mp3
chime-exit-01.mp3	oga-chimey-ui	CC0 1.0	https://opengameart.org/content/chimey-ui-sounds Chime_Exit.mp3
ding-positive-01.ogg	oga-ding-clicks	CC0 1.0	https://opengameart.org/content/6-user-interface-ding-clicks dingCling-positive.ogg
ding-save-01.ogg	oga-ding-clicks	CC0 1.0	https://opengameart.org/content/6-user-interface-ding-clicks dingCling-save.ogg
ding-neutral-01.ogg	oga-ding-clicks	CC0 1.0	https://opengameart.org/content/6-user-interface-ding-clicks dingCling-neutral.ogg
ding-negative-01.ogg	oga-ding-clicks	CC0 1.0	https://opengameart.org/content/6-user-interface-ding-clicks dingCling-negative.ogg
ding-reverse-01.ogg	oga-ding-clicks	CC0 1.0	https://opengameart.org/content/6-user-interface-ding-clicks dingCling-reverse.ogg
ding-levelup-01.ogg	oga-ding-clicks	CC0 1.0	https://opengameart.org/content/6-user-interface-ding-clicks dingCling-levelup.ogg
bell-metal-01.ogg	oga-metal-dings	CC0 1.0	https://opengameart.org/content/4-metal-dingsrings ding.1.ogg
bell-metal-02.ogg	oga-metal-dings	CC0 1.0	https://opengameart.org/content/4-metal-dingsrings ding.2.ogg
bell-metal-03.ogg	oga-metal-dings	CC0 1.0	https://opengameart.org/content/4-metal-dingsrings ding.3.ogg
bell-metal-04.ogg	oga-metal-dings	CC0 1.0	https://opengameart.org/content/4-metal-dingsrings ding.4.ogg
magic-sparkle-01.mp3	oga-cure-magic	CC0 1.0	https://opengameart.org/content/cure-magic Cure1.wav
magic-sparkle-02.mp3	oga-cure-magic	CC0 1.0	https://opengameart.org/content/cure-magic Cure2.wav
magic-sparkle-03.mp3	oga-cure-magic	CC0 1.0	https://opengameart.org/content/cure-magic Cure3.wav
magic-sparkle-04.mp3	oga-cure-magic	CC0 1.0	https://opengameart.org/content/cure-magic Cure4.wav
magic-sparkle-05.mp3	oga-cure-magic	CC0 1.0	https://opengameart.org/content/cure-magic Cure5.wav
magic-sparkle-06.mp3	oga-cure-magic	CC0 1.0	https://opengameart.org/content/cure-magic Cure6.wav
magic-sparkle-07.mp3	oga-cure-magic	CC0 1.0	https://opengameart.org/content/cure-magic Cure7.wav
magic-sparkle-08.mp3	oga-cure-magic	CC0 1.0	https://opengameart.org/content/cure-magic Cure8.wav
jingle-levelup-01.mp3	oga-7-assorted	CC0 1.0	https://opengameart.org/content/7-assorted-sound-effects-menu-level-up Level Up.mp3
jingle-ability-01.mp3	oga-7-assorted	CC0 1.0	https://opengameart.org/content/7-assorted-sound-effects-menu-level-up Ability Learn.mp3
ui-menu-confirm-01.mp3	oga-7-assorted	CC0 1.0	https://opengameart.org/content/7-assorted-sound-effects-menu-level-up Menu Confirm.mp3
error-menu-01.mp3	oga-7-assorted	CC0 1.0	https://opengameart.org/content/7-assorted-sound-effects-menu-level-up Menu Error.mp3
ui-menu-move-01.mp3	oga-7-assorted	CC0 1.0	https://opengameart.org/content/7-assorted-sound-effects-menu-level-up Menu Move.mp3
item-pickup-chime-01.mp3	oga-7-assorted	CC0 1.0	https://opengameart.org/content/7-assorted-sound-effects-menu-level-up Item Pickup.mp3
gem-gather-01.mp3	oga-gem-collect	CC0 1.0	https://opengameart.org/content/gem-collect-sfx gem-gather-orig.wav
gem-gather-02.mp3	oga-gem-collect	CC0 1.0	https://opengameart.org/content/gem-collect-sfx gem-gather-reverb.wav
powerup-rise-01.mp3	oga-levelup-13	CC0 1.0	https://opengameart.org/content/level-up-power-up-coin-get-13-sounds Rise01.aif
powerup-rise-02.mp3	oga-levelup-13	CC0 1.0	https://opengameart.org/content/level-up-power-up-coin-get-13-sounds Rise02.aif
powerup-rise-03.mp3	oga-levelup-13	CC0 1.0	https://opengameart.org/content/level-up-power-up-coin-get-13-sounds Rise03.aif
powerup-rise-04.mp3	oga-levelup-13	CC0 1.0	https://opengameart.org/content/level-up-power-up-coin-get-13-sounds Rise04.aif
powerup-rise-05.mp3	oga-levelup-13	CC0 1.0	https://opengameart.org/content/level-up-power-up-coin-get-13-sounds Rise05.aif
powerup-rise-06.mp3	oga-levelup-13	CC0 1.0	https://opengameart.org/content/level-up-power-up-coin-get-13-sounds Rise06.aif
powerup-rise-07.mp3	oga-levelup-13	CC0 1.0	https://opengameart.org/content/level-up-power-up-coin-get-13-sounds Rise07.aif
powerup-rise-08.mp3	oga-levelup-13	CC0 1.0	https://opengameart.org/content/level-up-power-up-coin-get-13-sounds Upper01.aif
powerup-fall-01.mp3	oga-levelup-13	CC0 1.0	https://opengameart.org/content/level-up-power-up-coin-get-13-sounds Downer01.aif
coins-synth-01.mp3	oga-levelup-13	CC0 1.0	https://opengameart.org/content/level-up-power-up-coin-get-13-sounds Coin01.aif
alarm-synth-01.mp3	oga-levelup-13	CC0 1.0	https://opengameart.org/content/level-up-power-up-coin-get-13-sounds Alarm.aif
xylophone-sweep-01.ogg	oga-xylophone	CC0 1.0	https://opengameart.org/content/childrens-xylophone child's_xylophone-1.ogg
xylophone-sweep-02.ogg	oga-xylophone	CC0 1.0	https://opengameart.org/content/childrens-xylophone child's_xylophone-2.ogg
ding-bell-01.mp3	oga-ui-feedback	CC0 1.0	https://opengameart.org/content/ui-sound-effects-button-clicks-user-feedback-notifications Ding.wav
ding-deep-01.mp3	oga-ui-feedback	CC0 1.0	https://opengameart.org/content/ui-sound-effects-button-clicks-user-feedback-notifications ding_deep.wav
chime-cascade-01.mp3	oga-ui-feedback	CC0 1.0	https://opengameart.org/content/ui-sound-effects-button-clicks-user-feedback-notifications chimes.wav
error-musical-01.mp3	oga-ui-feedback	CC0 1.0	https://opengameart.org/content/ui-sound-effects-button-clicks-user-feedback-notifications negative_sound.wav
error-musical-02.mp3	oga-ui-feedback	CC0 1.0	https://opengameart.org/content/ui-sound-effects-button-clicks-user-feedback-notifications negative_sound2.wav
alarm-ui-01.mp3	oga-ui-feedback	CC0 1.0	https://opengameart.org/content/ui-sound-effects-button-clicks-user-feedback-notifications alarm.wav
alarm-ui-02.mp3	oga-ui-feedback	CC0 1.0	https://opengameart.org/content/ui-sound-effects-button-clicks-user-feedback-notifications alarm2.wav
ui-dum-01.mp3	oga-ui-feedback	CC0 1.0	https://opengameart.org/content/ui-sound-effects-button-clicks-user-feedback-notifications dum.wav
click-musical-01.mp3	oga-ui-feedback	CC0 1.0	https://opengameart.org/content/ui-sound-effects-button-clicks-user-feedback-notifications click_1.wav
click-musical-02.mp3	oga-ui-feedback	CC0 1.0	https://opengameart.org/content/ui-sound-effects-button-clicks-user-feedback-notifications click_2.wav
click-musical-03.mp3	oga-ui-feedback	CC0 1.0	https://opengameart.org/content/ui-sound-effects-button-clicks-user-feedback-notifications click_3.wav
click-musical-04.mp3	oga-ui-feedback	CC0 1.0	https://opengameart.org/content/ui-sound-effects-button-clicks-user-feedback-notifications click_4.wav
ui-positive-01.mp3	oga-gui-lokif	CC0 1.0	https://opengameart.org/content/gui-sound-effects positive.wav
ui-negative-01.mp3	oga-gui-lokif	CC0 1.0	https://opengameart.org/content/gui-sound-effects negative.wav
ui-negative-02.mp3	oga-gui-lokif	CC0 1.0	https://opengameart.org/content/gui-sound-effects negative_2.wav
ui-save-01.mp3	oga-gui-lokif	CC0 1.0	https://opengameart.org/content/gui-sound-effects save.wav
ui-load-01.mp3	oga-gui-lokif	CC0 1.0	https://opengameart.org/content/gui-sound-effects load.wav
ui-menu-01.mp3	oga-gui-lokif	CC0 1.0	https://opengameart.org/content/gui-sound-effects misc_menu.wav
ui-menu-02.mp3	oga-gui-lokif	CC0 1.0	https://opengameart.org/content/gui-sound-effects misc_menu_2.wav
ui-menu-03.mp3	oga-gui-lokif	CC0 1.0	https://opengameart.org/content/gui-sound-effects misc_menu_3.wav
ui-menu-04.mp3	oga-gui-lokif	CC0 1.0	https://opengameart.org/content/gui-sound-effects misc_menu_4.wav
ui-echo-01.mp3	oga-gui-lokif	CC0 1.0	https://opengameart.org/content/gui-sound-effects sharp_echo.wav
ui-misc-01.mp3	oga-gui-lokif	CC0 1.0	https://opengameart.org/content/gui-sound-effects misc_sound.wav
ui-click-soft-01.mp3	oga-gui-lokif	CC0 1.0	https://opengameart.org/content/gui-sound-effects click.wav
ui-click-soft-02.mp3	oga-gui-lokif	CC0 1.0	https://opengameart.org/content/gui-sound-effects click_2.wav
bell-chime-01.mp3	oga-singles	CC0 1.0	https://opengameart.org/content/bell-dingschimes bell_ding1.wav
bell-chime-02.mp3	oga-singles	CC0 1.0	https://opengameart.org/content/bell-dingschimes bell_ding2.wav
bell-chime-03.mp3	oga-singles	CC0 1.0	https://opengameart.org/content/bell-dingschimes bell_ding3.wav
bell-chime-04.mp3	oga-singles	CC0 1.0	https://opengameart.org/content/bell-dingschimes bell_ding4.wav
bell-correct-01.mp3	oga-singles	CC0 1.0	https://opengameart.org/content/correct-bell bell.wav
vibe-bell-01.mp3	oga-singles	CC0 1.0	https://opengameart.org/content/pleasing-bell-sound-effect pleasing-bell.wav
bell-arpeggio-01.mp3	oga-singles	CC0 1.0	https://opengameart.org/content/bell-arpeggio-24 24.wav
kalimba-notes-01.mp3	oga-singles	CC0 1.0	https://opengameart.org/content/kalimba-two-notes kalimba.wav
jingle-mystery-01.ogg	oga-singles	CC0 1.0	https://opengameart.org/content/mystery-sting mystery_sting.ogg
bell-elevator-01.ogg	oga-singles	CC0 1.0	https://opengameart.org/content/elevator-ding elevatording.ogg
bell-basic-01.mp3	oga-singles	CC0 1.0	https://opengameart.org/content/basic-sound-effects bell1_0.mp3
bell-basic-02.mp3	oga-singles	CC0 1.0	https://opengameart.org/content/basic-sound-effects bell2_0.mp3
bell-basic-03.mp3	oga-singles	CC0 1.0	https://opengameart.org/content/basic-sound-effects bell3_0.mp3
jingle-success-01.mp3	oga-singles	CC0 1.0	https://opengameart.org/content/basic-sound-effects success_0.mp3
vibe-sting-01.mp3	oga-singles	CC0 1.0	https://opengameart.org/content/basic-sound-effects vibrophone1_0.mp3
vibe-sting-02.mp3	oga-singles	CC0 1.0	https://opengameart.org/content/basic-sound-effects vibrophone2_0.mp3
jingle-win-bandoneon-01.ogg	oga-singles	CC0 1.0	https://opengameart.org/content/win-jingle WinBandoneon.ogg
jingle-win-banjo-01.ogg	oga-singles	CC0 1.0	https://opengameart.org/content/win-jingle WinBanjo.ogg
jingle-win-brass-01.ogg	oga-singles	CC0 1.0	https://opengameart.org/content/win-jingle WinBrass.ogg
jingle-win-doot-01.ogg	oga-singles	CC0 1.0	https://opengameart.org/content/win-jingle WinDoot.ogg
jingle-win-fantasia-01.ogg	oga-singles	CC0 1.0	https://opengameart.org/content/win-jingle WinFantasia.ogg
jingle-win-fretless-01.ogg	oga-singles	CC0 1.0	https://opengameart.org/content/win-jingle WinFretless.ogg
jingle-win-grand-piano-01.ogg	oga-singles	CC0 1.0	https://opengameart.org/content/win-jingle WinGrandPiano.ogg
jingle-win-harpsichord-01.ogg	oga-singles	CC0 1.0	https://opengameart.org/content/win-jingle WinHarpsichord.ogg
jingle-win-jazz-guitar-01.ogg	oga-singles	CC0 1.0	https://opengameart.org/content/win-jingle WinJazzGuitar.ogg
jingle-win-muted-guitar-01.ogg	oga-singles	CC0 1.0	https://opengameart.org/content/win-jingle WinMutedGuitar.ogg
jingle-win-nylon-01.ogg	oga-singles	CC0 1.0	https://opengameart.org/content/win-jingle WinNylon.ogg
jingle-win-pizzicato-01.ogg	oga-singles	CC0 1.0	https://opengameart.org/content/win-jingle WinPizzicato.ogg
jingle-win-saw-01.ogg	oga-singles	CC0 1.0	https://opengameart.org/content/win-jingle WinSaw.ogg
jingle-win-square-01.ogg	oga-singles	CC0 1.0	https://opengameart.org/content/win-jingle WinSquare.ogg
jingle-win-steel-drums-01.ogg	oga-singles	CC0 1.0	https://opengameart.org/content/win-jingle WinSteelDrums.ogg
jingle-win-strings-01.ogg	oga-singles	CC0 1.0	https://opengameart.org/content/win-jingle WinStrings.ogg
jingle-win-vibraphone-01.ogg	oga-singles	CC0 1.0	https://opengameart.org/content/win-jingle WinVibraphone.ogg
jingle-achievement-01.mp3	oga-singles	CC0 1.0	https://opengameart.org/content/achievement achievement.wav
jingle-newthing-01.ogg	oga-singles	CC0 1.0	https://opengameart.org/content/new-thing-get newthingget.ogg
jingle-win-01.mp3	oga-singles	CC0 1.0	https://opengameart.org/content/win-sound-effect Win%20sound.wav
jingle-positive-01.ogg	oga-singles	CC0 1.0	https://opengameart.org/content/positive-sound positive.ogg
jingle-fanfare-01.ogg	oga-singles	CC0 1.0	https://opengameart.org/content/classic-fanfare-lick fanfare_3.ogg
jingle-fanfare-02.ogg	oga-singles	CC0 1.0	https://opengameart.org/content/classic-fanfare-lick fanfare_4.ogg
magic-heal-01.mp3	oga-singles	CC0 1.0	https://opengameart.org/content/magic-words-healing-sound-effect health_restore.wav
magic-words-01.mp3	oga-singles	CC0 1.0	https://opengameart.org/content/magic-words-healing-sound-effect magic_words.wav
magic-button-01.mp3	oga-singles	CC0 1.0	https://opengameart.org/content/fantasy-magic-spell fantasy_magic_button_1.mp3
powerup-sting-01.ogg	oga-singles	CC0 1.0	https://opengameart.org/content/power-up-sound-effects power_up_sound_v1.ogg
powerup-sting-02.ogg	oga-singles	CC0 1.0	https://opengameart.org/content/power-up-sound-effects power_up_sound_v2.ogg
powerup-sting-03.ogg	oga-singles	CC0 1.0	https://opengameart.org/content/power-up-sound-effects power_up_sound_v3.ogg
magic-twinkle-01.ogg	oga-singles	CC0 1.0	https://opengameart.org/content/magic-spell-sfx magical_1.ogg
magic-twinkle-02.ogg	oga-singles	CC0 1.0	https://opengameart.org/content/magic-spell-sfx magical_2.ogg
magic-twinkle-03.ogg	oga-singles	CC0 1.0	https://opengameart.org/content/magic-spell-sfx magical_3.ogg
magic-twinkle-04.ogg	oga-singles	CC0 1.0	https://opengameart.org/content/magic-spell-sfx magical_4.ogg
magic-twinkle-05.ogg	oga-singles	CC0 1.0	https://opengameart.org/content/magic-spell-sfx magical_5.ogg
magic-twinkle-06.ogg	oga-singles	CC0 1.0	https://opengameart.org/content/magic-spell-sfx magical_6.ogg
magic-twinkle-07.ogg	oga-singles	CC0 1.0	https://opengameart.org/content/magic-spell-sfx magical_7.ogg
glock-glissando-up-02.mp3	vsco2ce	CC0 1.0	https://github.com/sgossner/VSCO-2-CE glock_fx_up_pentatonic_med_02.wav (first 3 s)
glock-glissando-up-03.mp3	vsco2ce	CC0 1.0	https://github.com/sgossner/VSCO-2-CE glock_fx_up_chromatic_fast_01.wav (first 3 s)
glock-glissando-up-04.mp3	vsco2ce	CC0 1.0	https://github.com/sgossner/VSCO-2-CE glock_fx_up_chromatic_med_01.wav (first 3 s)
glock-glissando-up-05.mp3	vsco2ce	CC0 1.0	https://github.com/sgossner/VSCO-2-CE glock_fx_up_chromatic_slow_01.wav (first 3 s)
glock-glissando-down-01.mp3	vsco2ce	CC0 1.0	https://github.com/sgossner/VSCO-2-CE glock_fx_down_pentatonic_med_01.wav (first 3 s)
glock-glissando-down-02.mp3	vsco2ce	CC0 1.0	https://github.com/sgossner/VSCO-2-CE glock_fx_down_chromatic_fast_01.wav (first 3 s)
bell-nepalese-01.mp3	vsco2ce	CC0 1.0	https://github.com/sgossner/VSCO-2-CE fx1_short_r01_main.wav (first 2.5 s)
bell-nepalese-02.mp3	vsco2ce	CC0 1.0	https://github.com/sgossner/VSCO-2-CE fx1_short_r04_main.wav (first 2.5 s)
bell-nepalese-03.mp3	vsco2ce	CC0 1.0	https://github.com/sgossner/VSCO-2-CE fx1_short_r07_main.wav (first 2.5 s)
bell-nepalese-04.mp3	vsco2ce	CC0 1.0	https://github.com/sgossner/VSCO-2-CE fx1_short_r11_main.wav (first 2.5 s)
chime-tree-up-01.mp3	vcsl	CC0 1.0	https://github.com/sgossner/VCSL windchimes_asc1.wav (first 3 s)
chime-tree-up-02.mp3	vcsl	CC0 1.0	https://github.com/sgossner/VCSL windchimes_fastAsc1.wav (first 3 s)
chime-tree-down-01.mp3	vcsl	CC0 1.0	https://github.com/sgossner/VCSL windchimes_desc1.wav (first 3 s)
bell-tree-01.mp3	vcsl	CC0 1.0	https://github.com/sgossner/VCSL BellTree_Stroke_1_Mid.wav (first 3 s)
bell-tree-02.mp3	vcsl	CC0 1.0	https://github.com/sgossner/VCSL BellTree_Stroke_3_Mid.wav (first 3 s)
bell-tree-03.mp3	vcsl	CC0 1.0	https://github.com/sgossner/VCSL BellTree_Stroke_6_Mid.wav (first 3 s)
bell-hand-nepalese-01.mp3	vcsl	CC0 1.0	https://github.com/sgossner/VCSL HB_1.wav (first 2.5 s)
bell-hand-nepalese-02.mp3	vcsl	CC0 1.0	https://github.com/sgossner/VCSL HB_2.wav (first 2.5 s)
bell-hand-nepalese-03.mp3	vcsl	CC0 1.0	https://github.com/sgossner/VCSL HB_3.wav (first 2.5 s)
pop-bubble-01.mp3	oga-pop-sounds-0	CC0 1.0	https://opengameart.org/content/pop-sounds-0 pop1.wav
pop-bubble-02.mp3	oga-pop-sounds-0	CC0 1.0	https://opengameart.org/content/pop-sounds-0 pop2.wav
pop-bubble-03.mp3	oga-pop-sounds-0	CC0 1.0	https://opengameart.org/content/pop-sounds-0 pop3.wav
pop-bubble-04.mp3	oga-pop-sounds-0	CC0 1.0	https://opengameart.org/content/pop-sounds-0 pop4.wav
pop-bubble-05.mp3	oga-pop-sounds-0	CC0 1.0	https://opengameart.org/content/pop-sounds-0 pop5.wav
pop-bubble-06.mp3	oga-pop-sounds-0	CC0 1.0	https://opengameart.org/content/pop-sounds-0 pop6.wav
pop-bubble-07.mp3	oga-pop-sounds-0	CC0 1.0	https://opengameart.org/content/pop-sounds-0 pop7.wav
pop-bubble-08.mp3	oga-pop-sounds-0	CC0 1.0	https://opengameart.org/content/pop-sounds-0 pop8.wav
pop-bubble-09.mp3	oga-pop-sounds-0	CC0 1.0	https://opengameart.org/content/pop-sounds-0 pop9.wav
pop-bubble-10.ogg	oga-bubbles-pop	CC0 1.0	https://opengameart.org/content/bubbles-pop pop.ogg
pop-dot-01.ogg	oga-3-pop-sounds	CC0 1.0	https://opengameart.org/content/3-pop-sounds pop1.ogg
pop-dot-02.ogg	oga-3-pop-sounds	CC0 1.0	https://opengameart.org/content/3-pop-sounds pop2.ogg
pop-dot-03.ogg	oga-3-pop-sounds	CC0 1.0	https://opengameart.org/content/3-pop-sounds pop3.ogg
pop-blip-01.ogg	oga-pop-effect-sounds	CC0 1.0	https://opengameart.org/content/pop-effect-sounds p_1.ogg
pop-blip-02.ogg	oga-pop-effect-sounds	CC0 1.0	https://opengameart.org/content/pop-effect-sounds p_2.ogg
pop-blip-03.ogg	oga-pop-effect-sounds	CC0 1.0	https://opengameart.org/content/pop-effect-sounds p_3.ogg
pop-blip-04.ogg	oga-pop-effect-sounds	CC0 1.0	https://opengameart.org/content/pop-effect-sounds p_4.ogg
pop-blip-05.ogg	oga-pop-effect-sounds	CC0 1.0	https://opengameart.org/content/pop-effect-sounds p_5.ogg
bubble-water-01.mp3	oga-bubble-sound-effects	CC0 1.0	https://opengameart.org/content/bubble-sound-effects bubbles-single1.wav
bubble-water-02.mp3	oga-bubble-sound-effects	CC0 1.0	https://opengameart.org/content/bubble-sound-effects bubbles-single2.wav
bubble-water-03.mp3	oga-bubble-sound-effects	CC0 1.0	https://opengameart.org/content/bubble-sound-effects bubbles-single3.wav
loop-bubbles-01.mp3	oga-bubble-sound-effects	CC0 1.0	https://opengameart.org/content/bubble-sound-effects bubbles-loop1-amp.wav
bubble-water-04.ogg	oga-40-cc0-water-splash-slime-sfx	CC0 1.0	https://opengameart.org/content/40-cc0-water-splash-slime-sfx bubble_01.ogg
bubble-water-05.ogg	oga-40-cc0-water-splash-slime-sfx	CC0 1.0	https://opengameart.org/content/40-cc0-water-splash-slime-sfx bubble_02.ogg
bubble-water-06.ogg	oga-40-cc0-water-splash-slime-sfx	CC0 1.0	https://opengameart.org/content/40-cc0-water-splash-slime-sfx bubble_03.ogg
loop-bubbles-02.ogg	oga-40-cc0-water-splash-slime-sfx	CC0 1.0	https://opengameart.org/content/40-cc0-water-splash-slime-sfx loop_bubbles_1.ogg
loop-bubbles-03.ogg	oga-40-cc0-water-splash-slime-sfx	CC0 1.0	https://opengameart.org/content/40-cc0-water-splash-slime-sfx loop_bubbles_02.ogg
slime-pop-01.ogg	oga-40-cc0-water-splash-slime-sfx	CC0 1.0	https://opengameart.org/content/40-cc0-water-splash-slime-sfx slime_01.ogg
slime-pop-02.ogg	oga-40-cc0-water-splash-slime-sfx	CC0 1.0	https://opengameart.org/content/40-cc0-water-splash-slime-sfx slime_02.ogg
slime-pop-03.ogg	oga-40-cc0-water-splash-slime-sfx	CC0 1.0	https://opengameart.org/content/40-cc0-water-splash-slime-sfx slime_03.ogg
slime-pop-04.ogg	oga-40-cc0-water-splash-slime-sfx	CC0 1.0	https://opengameart.org/content/40-cc0-water-splash-slime-sfx slime_04.ogg
slime-pop-05.ogg	oga-40-cc0-water-splash-slime-sfx	CC0 1.0	https://opengameart.org/content/40-cc0-water-splash-slime-sfx slime_05.ogg
slime-pop-06.ogg	oga-40-cc0-water-splash-slime-sfx	CC0 1.0	https://opengameart.org/content/40-cc0-water-splash-slime-sfx slime_06.ogg
slime-pop-07.ogg	oga-40-cc0-water-splash-slime-sfx	CC0 1.0	https://opengameart.org/content/40-cc0-water-splash-slime-sfx slime_07.ogg
slime-pop-08.ogg	oga-40-cc0-water-splash-slime-sfx	CC0 1.0	https://opengameart.org/content/40-cc0-water-splash-slime-sfx slime_08.ogg
ball-glass-bounce-01.mp3	bigsoundbank	CC0 1.0	https://bigsoundbank.com/glass-ball-bounce-1-s2240.html glass-ball-bounce-1-s2240.mp3
ball-glass-bounce-02.mp3	bigsoundbank	CC0 1.0	https://bigsoundbank.com/glass-ball-bounce-2-s2241.html glass-ball-bounce-2-s2241.mp3
ball-metal-bounce-01.mp3	bigsoundbank	CC0 1.0	https://bigsoundbank.com/metal-ball-bounce-1-s2242.html metal-ball-bounce-1-s2242.mp3
ball-metal-bounce-02.mp3	bigsoundbank	CC0 1.0	https://bigsoundbank.com/metal-ball-bounce-2-s2243.html metal-ball-bounce-2-s2243.mp3
ball-metal-bounce-03.mp3	bigsoundbank	CC0 1.0	https://bigsoundbank.com/metal-ball-bounce-3-s2244.html metal-ball-bounce-3-s2244.mp3
ball-metal-bounce-04.mp3	bigsoundbank	CC0 1.0	https://bigsoundbank.com/metal-ball-bounce-4-s2245.html metal-ball-bounce-4-s2245.mp3
ball-pingpong-bounce-01.mp3	bigsoundbank	CC0 1.0	https://bigsoundbank.com/ping-pong-ball-bounce-1-s2236.html ping-pong-ball-bounce-1-s2236.mp3
ball-pingpong-bounce-02.mp3	bigsoundbank	CC0 1.0	https://bigsoundbank.com/ping-pong-ball-bounce-2-s2237.html ping-pong-ball-bounce-2-s2237.mp3
ball-pingpong-bounce-03.mp3	bigsoundbank	CC0 1.0	https://bigsoundbank.com/ping-pong-ball-bounce-3-s2238.html ping-pong-ball-bounce-3-s2238.mp3
ball-pingpong-bounce-04.mp3	bigsoundbank	CC0 1.0	https://bigsoundbank.com/ping-pong-ball-bounce-4-s2239.html ping-pong-ball-bounce-4-s2239.mp3
ball-tennis-bounce-01.mp3	bigsoundbank	CC0 1.0	https://bigsoundbank.com/tennis-ball-bounce-s0584.html tennis-ball-bounce-s0584.mp3
ball-rubber-bounce-01.mp3	bigsoundbank	CC0 1.0	https://bigsoundbank.com/ball-rebounds-s1045.html ball-rebounds-s1045.mp3
ball-metal-clack-01.mp3	oga-baoding-balls	CC0 1.0	https://opengameart.org/content/baoding-balls Baoding.wav (first 8 s)
ball-roll-01.ogg	oga-bowling-ball-rolling	CC0 1.0	https://opengameart.org/content/bowling-ball-rolling qubodup-bowling_roll-nofadeout.ogg
ball-pingpong-bounce-05.ogg	oga-ping-pong-sounds	CC0 1.0	https://opengameart.org/content/ping-pong-sounds pingpongboard.ogg
ball-pingpong-hit-01.ogg	oga-ping-pong-sounds	CC0 1.0	https://opengameart.org/content/ping-pong-sounds pingpongbat.ogg
loop-rolling-01.ogg	oga-30-cc0-sfx-loops	CC0 1.0	https://opengameart.org/content/30-cc0-sfx-loops rolling.ogg
heartbeat-01.mp3	bigsoundbank	CC0 1.0	https://bigsoundbank.com/heartbeat-1-s0243.html heartbeat-1-s0243.mp3
heartbeat-02.mp3	bigsoundbank	CC0 1.0	https://bigsoundbank.com/heartbeat-2-s0244.html heartbeat-2-s0244.mp3
heartbeat-03.mp3	bigsoundbank	CC0 1.0	https://bigsoundbank.com/heartbeat-3-s0770.html heartbeat-3-s0770.mp3
loop-heartbeat-01.mp3	bigsoundbank	CC0 1.0	https://bigsoundbank.com/heart-beat-s0218.html heart-beat-s0218.mp3
heartbeat-fast-01.mp3	oga-heartbeat-sounds	CC0 1.0	https://opengameart.org/content/heartbeat-sounds heartbeat_fast_0.wav
heartbeat-slow-01.mp3	oga-heartbeat-sounds	CC0 1.0	https://opengameart.org/content/heartbeat-sounds heartbeat_slow_0.wav
heartbeat-04.mp3	oga-heartbeat-single-sound	CC0 1.0	https://opengameart.org/content/heartbeat-single-sound heartbeat.mp3_.flac
loop-alarm-01.ogg	oga-30-cc0-sfx-loops	CC0 1.0	https://opengameart.org/content/30-cc0-sfx-loops alarm_01.ogg
loop-alarm-02.ogg	oga-30-cc0-sfx-loops	CC0 1.0	https://opengameart.org/content/30-cc0-sfx-loops alarm_02.ogg
loop-alarm-03.ogg	oga-30-cc0-sfx-loops	CC0 1.0	https://opengameart.org/content/30-cc0-sfx-loops alarm_03.ogg
alarm-short-01.ogg	oga-short-alarm	CC0 1.0	https://opengameart.org/content/short-alarm alarm.ogg
alarm-tone-01.ogg	oga-alarm-1	CC0 1.0	https://opengameart.org/content/alarm-1 alarm_2.ogg
alarm-tone-02.mp3	oga-alarm-2	CC0 1.0	https://opengameart.org/content/alarm-2 alarm_0.wav
alarm-tone-03.mp3	oga-alarm-sound-effect	CC0 1.0	https://opengameart.org/content/alarm-sound-effect alarm_2.wav
alarm-siren-01.mp3	oga-sirens-and-alarm-noise	CC0 1.0	https://opengameart.org/content/sirens-and-alarm-noise siren.mp3 (first 6 s)
countdown-race-01.ogg	oga-race-start-countdown	CC0 1.0	https://opengameart.org/content/race-start-countdown countdown.ogg
beep-ui-01.mp3	oga-interface-beeps	CC0 1.0	https://opengameart.org/content/interface-beeps beep-00.wav
beep-ui-02.mp3	oga-interface-beeps	CC0 1.0	https://opengameart.org/content/interface-beeps beep-01.wav
beep-ui-03.mp3	oga-interface-beeps	CC0 1.0	https://opengameart.org/content/interface-beeps beep-02.wav
beep-ui-04.mp3	oga-interface-beeps	CC0 1.0	https://opengameart.org/content/interface-beeps beep-03.wav
beep-ui-05.mp3	oga-interface-beeps	CC0 1.0	https://opengameart.org/content/interface-beeps beep-04.wav
beep-ui-06.mp3	oga-interface-beeps	CC0 1.0	https://opengameart.org/content/interface-beeps beep-05.wav
beep-ui-07.mp3	oga-interface-beeps	CC0 1.0	https://opengameart.org/content/interface-beeps beep-06.wav
beep-ui-08.mp3	oga-interface-beeps	CC0 1.0	https://opengameart.org/content/interface-beeps beep-07.wav
beep-ui-09.mp3	oga-interface-beeps	CC0 1.0	https://opengameart.org/content/interface-beeps beep-08.wav
beep-ui-10.mp3	oga-interface-beeps	CC0 1.0	https://opengameart.org/content/interface-beeps beep-09.wav
beep-ui-11.mp3	oga-interface-beeps	CC0 1.0	https://opengameart.org/content/interface-beeps beep-10.wav
beep-ui-12.mp3	oga-interface-beeps	CC0 1.0	https://opengameart.org/content/interface-beeps beep-11.wav
beep-ui-13.mp3	oga-interface-beeps	CC0 1.0	https://opengameart.org/content/interface-beeps beep-12.wav
beep-ui-14.mp3	oga-interface-beeps	CC0 1.0	https://opengameart.org/content/interface-beeps beep-13.wav
beep-ui-15.mp3	oga-interface-beeps	CC0 1.0	https://opengameart.org/content/interface-beeps beep-14.wav
beep-ui-16.mp3	oga-interface-beeps	CC0 1.0	https://opengameart.org/content/interface-beeps beep-15.wav
beep-tone-01.mp3	oga-beep-tone-sound-sfx	CC0 1.0	https://opengameart.org/content/beep-tone-sound-sfx beep.wav
jingle-lose-trumpet-01.ogg	oga-game-over-trumpet-sfx	CC0 1.0	https://opengameart.org/content/game-over-trumpet-sfx losetrumpet.ogg
tire-screech-01.mp3	bigsoundbank	CC0 1.0	https://bigsoundbank.com/screeching-tires-1-s2368.html screeching-tires-1-s2368.mp3
tire-screech-02.mp3	bigsoundbank	CC0 1.0	https://bigsoundbank.com/screeching-tires-2-s2369.html screeching-tires-2-s2369.mp3
tire-screech-03.mp3	bigsoundbank	CC0 1.0	https://bigsoundbank.com/screeching-tires-3-s2370.html screeching-tires-3-s2370.mp3
tire-screech-04.mp3	bigsoundbank	CC0 1.0	https://bigsoundbank.com/screeching-tires-4-s2371.html screeching-tires-4-s2371.mp3
tire-squeal-01.mp3	bigsoundbank	CC0 1.0	https://bigsoundbank.com/tire-squeal-s0500.html tire-squeal-s0500.mp3 (first 4 s)
car-pass-by-01.mp3	bigsoundbank	CC0 1.0	https://bigsoundbank.com/car-passing-50km-h-3-s2987.html car-passing-50km-h-3-s2987.mp3
crash-car-01.ogg	oga-crash-collision	CC0 1.0	https://opengameart.org/content/crash-collision qubodup-crash.ogg
impact-crunch-01.mp3	oga-5-break-crunch-impacts	CC0 1.0	https://opengameart.org/content/5-break-crunch-impacts impactcrunch01.mp3.flac
impact-crunch-02.mp3	oga-5-break-crunch-impacts	CC0 1.0	https://opengameart.org/content/5-break-crunch-impacts impactcrunch02.mp3.flac
impact-crunch-03.mp3	oga-5-break-crunch-impacts	CC0 1.0	https://opengameart.org/content/5-break-crunch-impacts impactcrunch03.mp3.flac
impact-crunch-04.mp3	oga-5-break-crunch-impacts	CC0 1.0	https://opengameart.org/content/5-break-crunch-impacts impactcrunch04.mp3.flac
impact-crunch-05.mp3	oga-5-break-crunch-impacts	CC0 1.0	https://opengameart.org/content/5-break-crunch-impacts impactcrunch05.mp3.flac
boost-thruster-01.mp3	oga-boost-or-launch-or-thruster-sound-effect	CC0 1.0	https://opengameart.org/content/boost-or-launch-or-thruster-sound-effect boost.mp3
car-spin-01.mp3	oga-spin	CC0 1.0	https://opengameart.org/content/spin car_spinning.wav
whoosh-air-01.mp3	oga-air-woosh-move	CC0 1.0	https://opengameart.org/content/air-woosh-move air_move.wav
whoosh-air-02.mp3	oga-air-whoosh	CC0 1.0	https://opengameart.org/content/air-whoosh whoosh2_0.wav
horn-bugle-01.mp3	bigsoundbank	CC0 1.0	https://bigsoundbank.com/bugle-awake-morning-call-s3263.html bugle-awake-morning-call-s3263.mp3 (first 8 s)
drum-roll-01.mp3	bigsoundbank	CC0 1.0	https://bigsoundbank.com/drum-roll-1-s-s2400.html drum-roll-1-s-s2400.mp3
drum-roll-02.mp3	bigsoundbank	CC0 1.0	https://bigsoundbank.com/drum-roll-1-l-s2402.html drum-roll-1-l-s2402.mp3
drum-roll-03.mp3	bigsoundbank	CC0 1.0	https://bigsoundbank.com/drum-roll-2-s-s2403.html drum-roll-2-s-s2403.mp3
drum-roll-04.mp3	bigsoundbank	CC0 1.0	https://bigsoundbank.com/drum-roll-3-s-s2406.html drum-roll-3-s-s2406.mp3
drum-roll-05.mp3	bigsoundbank	CC0 1.0	https://bigsoundbank.com/drum-roll-3-m-s2407.html drum-roll-3-m-s2407.mp3
drum-snare-01.mp3	bigsoundbank	CC0 1.0	https://bigsoundbank.com/snare-drum-1-s2304.html snare-drum-1-s2304.mp3
drum-snare-02.mp3	bigsoundbank	CC0 1.0	https://bigsoundbank.com/snare-drum-4-s2307.html snare-drum-4-s2307.mp3
drum-snare-03.mp3	bigsoundbank	CC0 1.0	https://bigsoundbank.com/snare-drum-5-s2308.html snare-drum-5-s2308.mp3
drum-snare-04.mp3	bigsoundbank	CC0 1.0	https://bigsoundbank.com/snare-drum-6-s2309.html snare-drum-6-s2309.mp3
drum-snare-05.mp3	bigsoundbank	CC0 1.0	https://bigsoundbank.com/snare-drum-7-s2310.html snare-drum-7-s2310.mp3
drum-snare-06.mp3	oga-an-interesting-snare-drum-sound	CC0 1.0	https://opengameart.org/content/an-interesting-snare-drum-sound best_snare_0.wav
drum-tom-01.mp3	bigsoundbank	CC0 1.0	https://bigsoundbank.com/bass-tom-1-s2338.html bass-tom-1-s2338.mp3
drum-tom-02.mp3	bigsoundbank	CC0 1.0	https://bigsoundbank.com/bass-tom-4-s2341.html bass-tom-4-s2341.mp3
explosion-real-01.mp3	bigsoundbank	CC0 1.0	https://bigsoundbank.com/explosion-1-s1807.html explosion-1-s1807.mp3
explosion-real-02.mp3	bigsoundbank	CC0 1.0	https://bigsoundbank.com/explosion-2-s1808.html explosion-2-s1808.mp3
explosion-real-03.mp3	bigsoundbank	CC0 1.0	https://bigsoundbank.com/explosion-far-away-s1023.html explosion-far-away-s1023.mp3
cannon-shot-01.ogg	oga-25-cc0-bang-firework-sfx	CC0 1.0	https://opengameart.org/content/25-cc0-bang-firework-sfx cannon_01.ogg
cannon-shot-02.ogg	oga-25-cc0-bang-firework-sfx	CC0 1.0	https://opengameart.org/content/25-cc0-bang-firework-sfx cannon_02.ogg
cannon-shot-03.ogg	oga-25-cc0-bang-firework-sfx	CC0 1.0	https://opengameart.org/content/25-cc0-bang-firework-sfx cannon_03.ogg
cannon-shot-04.ogg	oga-25-cc0-bang-firework-sfx	CC0 1.0	https://opengameart.org/content/25-cc0-bang-firework-sfx cannon_04.ogg
cannon-shot-05.ogg	oga-25-cc0-bang-firework-sfx	CC0 1.0	https://opengameart.org/content/25-cc0-bang-firework-sfx cannon_05.ogg
firework-burst-01.ogg	oga-25-cc0-bang-firework-sfx	CC0 1.0	https://opengameart.org/content/25-cc0-bang-firework-sfx fw_01.ogg
firework-burst-02.ogg	oga-25-cc0-bang-firework-sfx	CC0 1.0	https://opengameart.org/content/25-cc0-bang-firework-sfx fw_02.ogg
firework-burst-03.ogg	oga-25-cc0-bang-firework-sfx	CC0 1.0	https://opengameart.org/content/25-cc0-bang-firework-sfx fw_03.ogg
firework-burst-04.ogg	oga-25-cc0-bang-firework-sfx	CC0 1.0	https://opengameart.org/content/25-cc0-bang-firework-sfx fw_04.ogg
firework-burst-05.ogg	oga-25-cc0-bang-firework-sfx	CC0 1.0	https://opengameart.org/content/25-cc0-bang-firework-sfx fw_05.ogg
firework-burst-06.ogg	oga-25-cc0-bang-firework-sfx	CC0 1.0	https://opengameart.org/content/25-cc0-bang-firework-sfx fw_06.ogg
cannon-shot-06.ogg	oga-battle-at-sea	CC0 1.0	https://opengameart.org/content/battle-at-sea cannon_fire_1.ogg
cannon-hit-01.ogg	oga-battle-at-sea	CC0 1.0	https://opengameart.org/content/battle-at-sea cannon_hit_1.ogg
cannon-hit-02.ogg	oga-battle-at-sea	CC0 1.0	https://opengameart.org/content/battle-at-sea cannon_hit_wall_no_splash.ogg
cannon-miss-01.ogg	oga-battle-at-sea	CC0 1.0	https://opengameart.org/content/battle-at-sea cannon_miss_1.ogg
cannon-shot-07.mp3	oga-tiny-naval-battle-sounds-set	CC0 1.0	https://opengameart.org/content/tiny-naval-battle-sounds-set GunShot.wav
explosion-metal-01.mp3	oga-tiny-naval-battle-sounds-set	CC0 1.0	https://opengameart.org/content/tiny-naval-battle-sounds-set ExplosionMetal.wav
horn-war-01.ogg	oga-their-coming-generic-horn-sound	CC0 1.0	https://opengameart.org/content/their-coming-generic-horn-sound theircoming3.ogg
horn-war-02.ogg	oga-their-coming-generic-horn-sound	CC0 1.0	https://opengameart.org/content/their-coming-generic-horn-sound theircoming.ogg
loop-war-drums-01.mp3	oga-horde-war-drums-loop	CC0 1.0	https://opengameart.org/content/horde-war-drums-loop horde_war_drums_by_william_hector.wav
crowd-cheer-01.ogg	oga-cheers-0	CC0 1.0	https://opengameart.org/content/cheers-0 cheers_1.ogg
crowd-ooh-01.ogg	oga-oooooooooooooo	CC0 1.0	https://opengameart.org/content/oooooooooooooo oooooooooo.ogg
crowd-applause-02.mp3	oga-applause-in-a-large-hall-or-church	CC0 1.0	https://opengameart.org/content/applause-in-a-large-hall-or-church applause-clapping-church-crowd-immersive.wav (first 10 s)
hiss-voice-01.mp3	bigsoundbank	CC0 1.0	https://bigsoundbank.com/hisses-loud-short-s1169.html hisses-loud-short-s1169.mp3
hiss-voice-02.mp3	bigsoundbank	CC0 1.0	https://bigsoundbank.com/hisses-loud-long-s1170.html hisses-loud-long-s1170.mp3
hiss-voice-03.mp3	bigsoundbank	CC0 1.0	https://bigsoundbank.com/hisses-loud-very-loud-s1171.html hisses-loud-very-loud-s1171.mp3
hiss-gas-01.ogg	oga-compressed-gas-leak-sfx	CC0 1.0	https://opengameart.org/content/compressed-gas-leak-sfx compressed_gas_leak.ogg
hiss-steam-01.mp3	oga-steam-release-sounds	CC0 1.0	https://opengameart.org/content/steam-release-sounds steam hisses - Marker #1.wav
hiss-steam-02.mp3	oga-steam-release-sounds	CC0 1.0	https://opengameart.org/content/steam-release-sounds steam hisses - Marker #2.wav
hiss-steam-03.mp3	oga-steam-release-sounds	CC0 1.0	https://opengameart.org/content/steam-release-sounds steam hisses - Marker #3.wav
hiss-steam-04.mp3	oga-steam-release-sounds	CC0 1.0	https://opengameart.org/content/steam-release-sounds steam hisses - Marker #4.wav
hiss-steam-05.mp3	oga-steam-release-sounds	CC0 1.0	https://opengameart.org/content/steam-release-sounds steam hisses - Marker #5.wav
hiss-sand-01.mp3	oga-sand-spell	CC0 1.0	https://opengameart.org/content/sand-spell sand-spell.flac
crank-wind-01.mp3	oga-clock-wind-sounds	CC0 1.0	https://opengameart.org/content/clock-wind-sounds multiwind1.wav
crank-wind-02.mp3	oga-clock-wind-sounds	CC0 1.0	https://opengameart.org/content/clock-wind-sounds multiwind2.wav
crank-click-01.mp3	oga-clock-wind-sounds	CC0 1.0	https://opengameart.org/content/clock-wind-sounds singlewind1.wav
crank-click-02.mp3	oga-clock-wind-sounds	CC0 1.0	https://opengameart.org/content/clock-wind-sounds singlewind2.wav
crank-click-03.mp3	oga-clock-wind-sounds	CC0 1.0	https://opengameart.org/content/clock-wind-sounds singlewind3.wav
coins-cup-01.mp3	bigsoundbank	CC0 1.0	https://bigsoundbank.com/coin-in-cup-1-s0339.html coin-in-cup-1-s0339.mp3
coins-cup-02.mp3	bigsoundbank	CC0 1.0	https://bigsoundbank.com/coin-in-cup-2-s0340.html coin-in-cup-2-s0340.mp3
coins-cup-03.mp3	bigsoundbank	CC0 1.0	https://bigsoundbank.com/coin-in-cup-3-s0341.html coin-in-cup-3-s0341.mp3
crank-start-01.mp3	bigsoundbank	CC0 1.0	https://bigsoundbank.com/starting-crank-s2545.html starting-crank-s2545.mp3 (first 4 s)
plastic-handle-01.mp3	oga-202-more-sound-effects	CC0 1.0	https://opengameart.org/content/202-more-sound-effects Plastic_01.wav
plastic-handle-02.mp3	oga-202-more-sound-effects	CC0 1.0	https://opengameart.org/content/202-more-sound-effects Plastic_02.wav
plastic-handle-03.mp3	oga-202-more-sound-effects	CC0 1.0	https://opengameart.org/content/202-more-sound-effects Plastic_03.wav
plastic-handle-04.mp3	oga-202-more-sound-effects	CC0 1.0	https://opengameart.org/content/202-more-sound-effects Plastic_04.wav
plastic-handle-05.mp3	oga-202-more-sound-effects	CC0 1.0	https://opengameart.org/content/202-more-sound-effects Plastic_05.wav
plastic-handle-06.mp3	oga-202-more-sound-effects	CC0 1.0	https://opengameart.org/content/202-more-sound-effects Plastic_06.wav
plastic-handle-07.mp3	oga-202-more-sound-effects	CC0 1.0	https://opengameart.org/content/202-more-sound-effects Plastic_07.wav
plastic-handle-08.mp3	oga-202-more-sound-effects	CC0 1.0	https://opengameart.org/content/202-more-sound-effects Plastic_08.wav
plastic-handle-09.mp3	oga-202-more-sound-effects	CC0 1.0	https://opengameart.org/content/202-more-sound-effects Plastic_09.wav
plastic-handle-10.mp3	oga-202-more-sound-effects	CC0 1.0	https://opengameart.org/content/202-more-sound-effects Plastic_10.wav
coins-money-01.mp3	oga-202-more-sound-effects	CC0 1.0	https://opengameart.org/content/202-more-sound-effects Money_01.wav
coins-money-02.mp3	oga-202-more-sound-effects	CC0 1.0	https://opengameart.org/content/202-more-sound-effects Money_02.wav
coins-money-03.mp3	oga-202-more-sound-effects	CC0 1.0	https://opengameart.org/content/202-more-sound-effects Money_03.wav
coins-money-04.mp3	oga-202-more-sound-effects	CC0 1.0	https://opengameart.org/content/202-more-sound-effects Money_04.wav
coins-money-05.mp3	oga-202-more-sound-effects	CC0 1.0	https://opengameart.org/content/202-more-sound-effects Money_05.wav
coins-money-06.mp3	oga-202-more-sound-effects	CC0 1.0	https://opengameart.org/content/202-more-sound-effects Money_06.wav
coins-money-07.mp3	oga-202-more-sound-effects	CC0 1.0	https://opengameart.org/content/202-more-sound-effects Money_07.wav
coins-money-08.mp3	oga-202-more-sound-effects	CC0 1.0	https://opengameart.org/content/202-more-sound-effects Money_08.wav
coins-money-09.mp3	oga-202-more-sound-effects	CC0 1.0	https://opengameart.org/content/202-more-sound-effects Money_09.wav
coins-money-10.mp3	oga-202-more-sound-effects	CC0 1.0	https://opengameart.org/content/202-more-sound-effects Money_10.wav
coins-money-11.mp3	oga-202-more-sound-effects	CC0 1.0	https://opengameart.org/content/202-more-sound-effects Money_11.wav
coins-money-12.mp3	oga-202-more-sound-effects	CC0 1.0	https://opengameart.org/content/202-more-sound-effects Money_12.wav
spinner-fidget-01.mp3	oga-202-more-sound-effects	CC0 1.0	https://opengameart.org/content/202-more-sound-effects Fidget_Spinner1.wav
spinner-fidget-02.mp3	oga-202-more-sound-effects	CC0 1.0	https://opengameart.org/content/202-more-sound-effects Fidget_Spinner2.wav
coins-drop-05.ogg	oga-coin-drop	CC0 1.0	https://opengameart.org/content/coin-drop coin_drop.ogg
metal-clasp-01.mp3	oga-small-metal-clasp-open-close-switching	CC0 1.0	https://opengameart.org/content/small-metal-clasp-open-close-switching small_metal_clasp.mp3
amb-wind-01.mp3	oga-wind1	CC0 1.0	https://opengameart.org/content/wind1 wind1.wav (first 30 s)
amb-wind-02.mp3	oga-wind1	CC0 1.0	https://opengameart.org/content/wind1 wind2.wav (first 30 s)
amb-wind-03.mp3	oga-wind1	CC0 1.0	https://opengameart.org/content/wind1 wind3.wav (first 30 s)
amb-wind-04.mp3	oga-wind1	CC0 1.0	https://opengameart.org/content/wind1 wind4.wav (first 30 s)
amb-wind-05.mp3	oga-wind1	CC0 1.0	https://opengameart.org/content/wind1 wind5.wav (first 30 s)
amb-wind-06.ogg	oga-wind	CC0 1.0	https://opengameart.org/content/wind Wind.ogg
amb-wind-07.mp3	oga-mild-wind-background-noise	CC0 1.0	https://opengameart.org/content/mild-wind-background-noise wind background noise 2.wav (first 30 s)
loop-wind-01.ogg	oga-wind-whoosh-loop	CC0 1.0	https://opengameart.org/content/wind-whoosh-loop wind woosh loop.ogg
amb-cave-01.mp3	oga-loopable-dungeon-ambience	CC0 1.0	https://opengameart.org/content/loopable-dungeon-ambience dungeon_ambient_1.ogg (first 30 s)
amb-drip-01.mp3	oga-dripping-water-loop	CC0 1.0	https://opengameart.org/content/dripping-water-loop atmosbasement.mp3_.flac
amb-forest-01.mp3	oga-forest-bird-sounds	CC0 1.0	https://opengameart.org/content/forest-bird-sounds Forest 1.wav (first 30 s)
amb-forest-02.mp3	oga-forest-bird-sounds	CC0 1.0	https://opengameart.org/content/forest-bird-sounds Forest 2.wav (first 30 s)
amb-forest-03.mp3	oga-forest-bird-sounds	CC0 1.0	https://opengameart.org/content/forest-bird-sounds Forest 3.wav (first 30 s)
amb-morning-01.ogg	oga-amb-morning-sounds-perfect-loop	CC0 1.0	https://opengameart.org/content/amb-morning-sounds-perfect-loop amb_morning.ogg
amb-outside-01.ogg	oga-amb-outside-1	CC0 1.0	https://opengameart.org/content/amb-outside-1 amb_outdoor1_loop.ogg
amb-birds-01.ogg	oga-ambient-bird-sounds	CC0 1.0	https://opengameart.org/content/ambient-bird-sounds birds-isaiah658.ogg
amb-crickets-01.mp3	oga-crickets-ambient-noise-loopable	CC0 1.0	https://opengameart.org/content/crickets-ambient-noise-loopable crickets-oneloop.mp3
amb-crickets-02.mp3	oga-cricket-sounds	CC0 1.0	https://opengameart.org/content/cricket-sounds cricketsounds090613.wav (first 30 s)
amb-cicada-01.ogg	oga-cicada-sounds	CC0 1.0	https://opengameart.org/content/cicada-sounds 082526-cicadasounds.ogg
amb-cicada-02.ogg	oga-cicada-sounds	CC0 1.0	https://opengameart.org/content/cicada-sounds 082526-cicadasounds2.ogg
amb-swamp-01.ogg	oga-swamp-environment-audio	CC0 1.0	https://opengameart.org/content/swamp-environment-audio atmosphere_1.ogg
amb-swamp-02.ogg	oga-swamp-environment-audio	CC0 1.0	https://opengameart.org/content/swamp-environment-audio atmosphere_2.ogg
amb-swamp-03.ogg	oga-swamp-environment-audio	CC0 1.0	https://opengameart.org/content/swamp-environment-audio atmosphere_3.ogg
amb-crickets-03.ogg	oga-swamp-environment-audio	CC0 1.0	https://opengameart.org/content/swamp-environment-audio cricket_1.ogg
amb-crickets-04.ogg	oga-swamp-environment-audio	CC0 1.0	https://opengameart.org/content/swamp-environment-audio cricket_2.ogg
loop-rain-01.ogg	oga-30-cc0-sfx-loops	CC0 1.0	https://opengameart.org/content/30-cc0-sfx-loops rain.ogg
loop-water-01.ogg	oga-30-cc0-sfx-loops	CC0 1.0	https://opengameart.org/content/30-cc0-sfx-loops water_flowing.ogg
ball-rattle-roll-01.mp3	wikimedia-commons	Public domain (dedication)	https://commons.wikimedia.org/wiki/File:Rolling_toy_rattle_on_floor.ogg — stephan Rolling_toy_rattle_on_floor.ogg (first 10 s)
amb-pinball-01.mp3	bigsoundbank	CC0 1.0	https://bigsoundbank.com/games-room-2-s2675.html — Joseph Sardin (BigSoundBank) games-room-2-s2675.mp3 (first 30 s)
amb-arcade-01.mp3	bigsoundbank	CC0 1.0	https://bigsoundbank.com/games-room-1-s2673.html — Joseph Sardin (BigSoundBank) games-room-1-s2673.mp3 (first 30 s)
crank-reel-01.mp3	bigsoundbank	CC0 1.0	https://bigsoundbank.com/toy-fishing-rod-reel-1-s0798.html — Joseph Sardin (BigSoundBank) toy-fishing-rod-reel-1-s0798.mp3 (first 6 s)
crank-reel-02.mp3	bigsoundbank	CC0 1.0	https://bigsoundbank.com/toy-fishing-rod-reel-2-s0799.html — Joseph Sardin (BigSoundBank) toy-fishing-rod-reel-2-s0799.mp3 (first 6 s)
plastic-click-01.mp3	bigsoundbank	CC0 1.0	https://bigsoundbank.com/plastic-handcuff-3-s1964.html — Joseph Sardin (BigSoundBank) plastic-handcuff-3-s1964.mp3
plastic-clatter-01.ogg	wikimedia-commons	Public domain (dedication)	https://commons.wikimedia.org/wiki/File:Plastic_object_clattering.ogg — natalie Plastic_object_clattering.ogg
metal-box-open-01.ogg	wikimedia-commons	Public domain (dedication)	https://commons.wikimedia.org/wiki/File:Metal_box_springs_open.ogg — stephan Metal_box_springs_open.ogg
buzzer-electric-01.mp3	bigsoundbank	CC0 1.0	https://bigsoundbank.com/buzzer-1-s1583.html — Joseph Sardin (BigSoundBank) buzzer-1-s1583.mp3
buzzer-electric-02.mp3	bigsoundbank	CC0 1.0	https://bigsoundbank.com/buzzer-2-s1584.html — Joseph Sardin (BigSoundBank) buzzer-2-s1584.mp3
buzzer-electric-03.mp3	bigsoundbank	CC0 1.0	https://bigsoundbank.com/buzzer-3-s1585.html — Joseph Sardin (BigSoundBank) buzzer-3-s1585.mp3
buzzer-electric-04.mp3	bigsoundbank	CC0 1.0	https://bigsoundbank.com/buzzer-4-s1586.html — Joseph Sardin (BigSoundBank) buzzer-4-s1586.mp3
buzzer-electric-05.mp3	bigsoundbank	CC0 1.0	https://bigsoundbank.com/buzzer-5-s1587.html — Joseph Sardin (BigSoundBank) buzzer-5-s1587.mp3
buzzer-game-01.mp3	bigsoundbank	CC0 1.0	https://bigsoundbank.com/operation-game-1-s1682.html — Joseph Sardin (BigSoundBank) operation-game-1-s1682.mp3
buzzer-game-02.mp3	bigsoundbank	CC0 1.0	https://bigsoundbank.com/operation-game-2-s1683.html — Joseph Sardin (BigSoundBank) operation-game-2-s1683.mp3
buzzer-game-03.mp3	bigsoundbank	CC0 1.0	https://bigsoundbank.com/operation-game-3-s1684.html — Joseph Sardin (BigSoundBank) operation-game-3-s1684.mp3
buzzer-electronic-01.mp3	wikimedia-commons	CC0 1.0	https://commons.wikimedia.org/wiki/File:Buzzer.wav — David Pride Buzzer.wav
bell-boxing-01.mp3	bigsoundbank	CC0 1.0	https://bigsoundbank.com/boxing-bell-1-s1926.html — Joseph Sardin (BigSoundBank) boxing-bell-1-s1926.mp3
bell-boxing-02.mp3	bigsoundbank	CC0 1.0	https://bigsoundbank.com/boxing-bell-2-s1927.html — Joseph Sardin (BigSoundBank) boxing-bell-2-s1927.mp3 (first 6 s)
bell-ring-01.mp3	bigsoundbank	CC0 1.0	https://bigsoundbank.com/industrial-doorbell-s1269.html — Joseph Sardin (BigSoundBank) industrial-doorbell-s1269.mp3 (first 6 s)
bell-ring-02.mp3	bigsoundbank	CC0 1.0	https://bigsoundbank.com/industrial-doorbell-3-s1923.html — Joseph Sardin (BigSoundBank) industrial-doorbell-3-s1923.mp3 (first 6 s)
bell-ring-03.mp3	bigsoundbank	CC0 1.0	https://bigsoundbank.com/industrial-doorbell-4-s1924.html — Joseph Sardin (BigSoundBank) industrial-doorbell-4-s1924.mp3 (first 6 s)
bell-ring-04.mp3	bigsoundbank	CC0 1.0	https://bigsoundbank.com/industrial-doorbell-5-s1925.html — Joseph Sardin (BigSoundBank) industrial-doorbell-5-s1925.mp3 (first 6 s)
bell-school-01.mp3	wikimedia-commons	Public domain (dedication)	https://commons.wikimedia.org/wiki/File:Old_school_bell_1.ogg — ezwa Old_school_bell_1.ogg (first 8 s)
bell-school-02.mp3	wikimedia-commons	Public domain (dedication)	https://commons.wikimedia.org/wiki/File:Old_school_bell_2.ogg — ezwa Old_school_bell_2.ogg (first 8 s)
bell-school-03.mp3	wikimedia-commons	Public domain (dedication)	https://commons.wikimedia.org/wiki/File:Old_school_bell_3.ogg — ezwa Old_school_bell_3.ogg (first 8 s)
bell-school-04.mp3	wikimedia-commons	Public domain (dedication)	https://commons.wikimedia.org/wiki/File:Old_school_bell_4.ogg — ezwa Old_school_bell_4.ogg (first 8 s)
bell-school-05.mp3	wikimedia-commons	Public domain (dedication)	https://commons.wikimedia.org/wiki/File:Old_school_bell_5.ogg — ezwa Old_school_bell_5.ogg (first 8 s)
horn-blow-01.mp3	bigsoundbank	CC0 1.0	https://bigsoundbank.com/horn-1-s2520.html — Joseph Sardin (BigSoundBank) horn-1-s2520.mp3
horn-blow-02.mp3	bigsoundbank	CC0 1.0	https://bigsoundbank.com/horn-6-s2525.html — Joseph Sardin (BigSoundBank) horn-6-s2525.mp3
bugle-assembly-01.mp3	wikimedia-commons	Public domain (US federal work)	https://commons.wikimedia.org/wiki/File:Assembly.mp3 — U.S. Army Assembly.mp3
bugle-assembly-02.ogg	wikimedia-commons	Public domain (US federal work)	https://commons.wikimedia.org/wiki/File:Assembly_bugle_call.ogg — Sgt. Codie Lynn Williams, U.S. Marine Corps Assembly_bugle_call.ogg
bugle-attention-01.mp3	wikimedia-commons	Public domain (US federal work)	https://commons.wikimedia.org/wiki/File:Attention.mp3 — U.S. Army Attention.mp3
bugle-attention-02.ogg	wikimedia-commons	Public domain (US federal work)	https://commons.wikimedia.org/wiki/File:Attention_%28typical_U.S._military_version%29.ogg — Sgt. Codie Lynn Williams, U.S. Marine Corps Attention_typical_U.S._military_version.ogg
bugle-first-call-01.mp3	wikimedia-commons	Public domain (US federal work)	https://commons.wikimedia.org/wiki/File:FirstCall.mp3 — U.S. Army FirstCall.mp3
bugle-first-call-02.ogg	wikimedia-commons	Public domain (US federal work)	https://commons.wikimedia.org/wiki/File:First_Call.ogg — Sgt. Codie Lynn Williams, U.S. Marine Corps First_Call.ogg
bugle-recall-01.mp3	wikimedia-commons	Public domain (US federal work)	https://commons.wikimedia.org/wiki/File:Recall.mp3 — U.S. Army Recall.mp3
bugle-recall-02.ogg	wikimedia-commons	Public domain (US federal work)	https://commons.wikimedia.org/wiki/File:Recall_bugle_call.ogg — Sgt. Codie Lynn Williams, U.S. Marine Corps Recall_bugle_call.ogg
bugle-retreat-01.mp3	wikimedia-commons	Public domain (US federal work)	https://commons.wikimedia.org/wiki/File:Retreat.mp3 — U.S. Army Retreat.mp3
bugle-retreat-02.ogg	wikimedia-commons	Public domain (US federal work)	https://commons.wikimedia.org/wiki/File:Retreat.ogg — U.S. Army Bands Retreat.ogg
bugle-reveille-01.mp3	wikimedia-commons	Public domain (US federal work)	https://commons.wikimedia.org/wiki/File:Reveille.mp3 — U.S. Army Reveille.mp3
bugle-reveille-02.ogg	wikimedia-commons	Public domain (US federal work)	https://commons.wikimedia.org/wiki/File:Reveille.ogg — Sgt. Codie Lynn Williams, U.S. Marine Corps Reveille.ogg
bugle-taps-01.mp3	wikimedia-commons	Public domain (US federal work)	https://commons.wikimedia.org/wiki/File:Taps.mp3 — U.S. Army Taps.mp3
bugle-taps-02.ogg	wikimedia-commons	Public domain (US federal work)	https://commons.wikimedia.org/wiki/File:Taps.ogg — Sgt. Codie Lynn Williams, U.S. Marine Corps Taps.ogg
bugle-to-arms-01.mp3	wikimedia-commons	Public domain (US federal work)	https://commons.wikimedia.org/wiki/File:ToArms.mp3 — U.S. Army ToArms.mp3
bugle-to-arms-02.ogg	wikimedia-commons	Public domain (US federal work)	https://commons.wikimedia.org/wiki/File:To_Arms.ogg — Sgt. Codie Lynn Williams, U.S. Marine Corps To_Arms.ogg
bugle-fire-call-01.mp3	wikimedia-commons	Public domain (US federal work)	https://commons.wikimedia.org/wiki/File:FireCall.mp3 — U.S. Army FireCall.mp3
bugle-fire-call-02.ogg	wikimedia-commons	Public domain (US federal work)	https://commons.wikimedia.org/wiki/File:Fire_Call.ogg — Sgt. Codie Lynn Williams, U.S. Marine Corps Fire_Call.ogg
bugle-mess-call-01.mp3	wikimedia-commons	Public domain (US federal work)	https://commons.wikimedia.org/wiki/File:MessCall.mp3 — U.S. Army MessCall.mp3
bugle-double-time-01.ogg	wikimedia-commons	Public domain (US federal work)	https://commons.wikimedia.org/wiki/File:Double_Time.ogg — Sgt. Codie Lynn Williams, U.S. Marine Corps Double_Time.ogg
bugle-drill-call-01.ogg	wikimedia-commons	Public domain (US federal work)	https://commons.wikimedia.org/wiki/File:Drill_Call.ogg — Sgt. Codie Lynn Williams, U.S. Marine Corps Drill_Call.ogg
drum-cadence-01.mp3	wikimedia-commons	Public domain (US federal work)	https://commons.wikimedia.org/wiki/File:Drum_Cadence_-_Ceremonial_Brass_-_United_States_Air_Force_Band.mp3 — Performance: United States Air Force Band, Ceremonial Brass Drum_Cadence_-_Ceremonial_Brass_-_United_States_Air_Force_Band.mp3 (first 20 s)
battle-reenactment-01.mp3	nps	Public domain (US federal work)	https://www.nps.gov/subjects/sound/sounds-battle.htm — National Park Service, Natural Sounds and Night Skies Division nri-battlesounds.mp3
drum-fife-01.mp3	nps	Public domain (US federal work)	https://www.nps.gov/subjects/sound/sounds-jamboree.htm — National Park Service, Natural Sounds and Night Skies Division nri-JamboreeMIMA.mp3
crowd-shout-01.mp3	oga-crowd-shouting-speaking-ambience	CC0 1.0	https://opengameart.org/content/crowd-shoutingspeaking-ambience — StarNinjas crowd_shouting.ogg (first 15 s)
crowd-hurray-01.ogg	wikimedia-commons	Public domain (dedication)	https://commons.wikimedia.org/wiki/File:Clapping_hurray.ogg — starlite Clapping_hurray.ogg
crowd-ooh-02.ogg	wikimedia-commons	Public domain (dedication)	https://commons.wikimedia.org/wiki/File:Ohhh_ahhh.ogg — starlite Ohhh_ahhh.ogg
crowd-applause-03.mp3	wikimedia-commons	Public domain (dedication)	https://commons.wikimedia.org/wiki/File:Slow_starting_applause.ogg — stephan Slow_starting_applause.ogg (first 15 s)
rattle-snake-01.ogg	wikimedia-commons	Public domain (US federal work)	https://commons.wikimedia.org/wiki/File:Rattlesnake.ogg Rattlesnake.ogg
hiss-alligator-01.ogg	wikimedia-commons	Public domain (US federal work)	https://commons.wikimedia.org/wiki/File:Alligatorhiss.ogg Alligatorhiss.ogg
hiss-cat-01.mp3	wikimedia-commons	CC0 1.0	https://commons.wikimedia.org/wiki/File:Cat_hissing_-_Zabuhailo.wav — Zabuhailo Cat_hissing_-_Zabuhailo.wav
